date,index,setup,direction,bias,gap_pct,signal_time,entry_time,entry_spot,sl_spot,tp_spot,sl_pts,lots,lot_size,quantity,exit_spot,gross_pnl,net_pnl,pnl_pct,exit_reason
2024-01-03,BANKNIFTY,VWAP,PUT,NEUTRAL,0.18,12:20:00,12:25:00,47598.95,47694.15,0.0,95.2,1,15,15,47694.6,-1419.75,-1531.29,-0.21,SL hit
2024-01-10,BANKNIFTY,VWAP,PUT,BEARISH,-0.333,12:40:00,12:45:00,47242.85,47337.34,0.0,94.49,1,15,15,47354.95,-1666.5,-1777.53,-0.25,SL hit
2024-01-11,BANKNIFTY,SMC,CALL,BULLISH,0.378,10:55:00,11:00:00,47500.1,47378.7,47742.9,121.4,1,15,15,47493.9,-108.0,-219.24,-0.03,NO_MOVE_TREND_LOST
2024-01-12,BANKNIFTY,SMC,PUT,NEUTRAL,0.267,12:50:00,12:55:00,47741.05,47781.05,47661.05,40.0,1,15,15,47765.9,-357.75,-469.4,-0.07,NO_MOVE_TREND_LOST
2024-01-16,BANKNIFTY,VWAP,PUT,NEUTRAL,-0.236,11:40:00,11:45:00,48198.95,48295.35,0.0,96.4,1,15,15,48301.15,-1518.0,-1630.45,-0.23,SL hit
2024-01-16,BANKNIFTY,VWAP,PUT,NEUTRAL,-0.236,12:05:00,12:10:00,48205.4,48301.81,0.0,96.41,1,15,15,48117.2,1338.0,1225.82,0.17,Hard close (15:15)
2024-01-17,BANKNIFTY,ORB,PUT,BEARISH,-3.196,11:40:00,11:45:00,46364.75,46504.35,45516.63,139.6,1,15,15,46050.9,4722.75,4613.67,0.66,Hard close (15:15)
2024-01-18,BANKNIFTY,ORB,CALL,BEARISH,-1.282,11:55:00,12:00:00,46012.6,45875.13,46414.2,137.47,1,15,15,45862.65,-2264.25,-2373.04,-0.34,SL hit
2024-01-19,BANKNIFTY,VWAP,PUT,BULLISH,0.746,11:05:00,11:10:00,45959.65,46051.57,0.0,91.92,1,15,15,45760.8,2997.75,2889.11,0.42,Trail SL
2024-01-20,BANKNIFTY,VWAP,CALL,BULLISH,0.554,12:55:00,13:00:00,46058.55,45966.43,0.0,92.12,1,15,15,46082.7,347.25,238.13,0.03,NO_MOVE_EXTENDED
2024-01-23,BANKNIFTY,ORB,PUT,BULLISH,0.839,10:35:00,10:40:00,45720.7,45859.33,45629.26,138.63,1,15,15,45576.0,2185.5,2077.14,0.3,TP hit
2024-01-23,BANKNIFTY,ORB,PUT,BULLISH,0.839,11:40:00,11:45:00,45342.05,45480.68,45251.37,138.63,1,15,15,45236.75,1594.5,1486.65,0.22,TP hit
2024-01-24,BANKNIFTY,VWAP,PUT,BEARISH,-1.149,11:20:00,11:25:00,45127.2,45217.45,0.0,90.25,1,15,15,44791.4,5052.0,4944.81,0.73,Trail SL
2024-01-29,BANKNIFTY,VWAP,PUT,BULLISH,0.407,11:20:00,11:25:00,45351.25,45441.95,0.0,90.7,1,15,15,45473.25,-1815.0,-1923.21,-0.28,SL hit
2024-01-31,BANKNIFTY,ORB,CALL,NEUTRAL,-0.053,10:30:00,10:35:00,46046.5,45910.1,46138.59,136.4,1,15,15,46157.1,1644.0,1534.77,0.22,TP hit
2024-02-01,BANKNIFTY,VWAP,PUT,BULLISH,0.415,11:15:00,11:20:00,45890.55,45982.33,0.0,91.78,1,15,15,46005.4,-1707.75,-1816.76,-0.26,SL hit
2024-02-02,BANKNIFTY,VWAP,PUT,BULLISH,0.782,12:25:00,12:30:00,46497.05,46590.04,0.0,92.99,1,15,15,45954.5,8153.25,8044.32,1.15,Hard close (15:15)
2024-02-05,BANKNIFTY,SMC,PUT,NEUTRAL,0.017,12:00:00,12:05:00,45880.45,46007.65,45626.05,127.2,1,15,15,46022.15,-2110.5,-2219.53,-0.32,SL hit
2024-02-06,BANKNIFTY,PDH_PDL,CALL,NEUTRAL,0.294,11:30:00,11:35:00,45749.3,45657.8,45840.8,91.5,1,15,15,45707.95,-635.25,-743.81,-0.11,NO_MOVE_TREND_LOST
2024-02-08,BANKNIFTY,PDH_PDL,PUT,NEUTRAL,0.125,10:40:00,10:45:00,45854.05,45946.18,45762.34,92.13,1,15,15,45631.2,3357.75,3249.3,0.47,TP hit
2024-02-08,BANKNIFTY,SMC,PUT,NEUTRAL,0.125,13:25:00,13:30:00,45514.1,45554.35,45433.6,40.25,1,15,15,45368.75,2195.25,2087.2,0.31,TP hit
2024-02-12,BANKNIFTY,ORB,PUT,NEUTRAL,-0.092,11:05:00,11:10:00,45323.95,45460.37,45061.88,136.42,1,15,15,45034.9,4350.75,4243.2,0.62,TP hit
2024-02-12,BANKNIFTY,SMC,CALL,NEUTRAL,-0.092,13:55:00,14:00:00,44749.75,44603.85,45041.55,145.9,1,15,15,44830.75,1200.0,1092.75,0.16,Hard close (15:15)
2024-02-13,BANKNIFTY,ORB,CALL,BULLISH,0.377,11:15:00,11:20:00,45316.7,45181.15,45728.17,135.55,1,15,15,45134.95,-2741.25,-2848.95,-0.42,SL hit
2024-02-13,BANKNIFTY,SMC,CALL,BULLISH,0.377,12:30:00,12:35:00,45088.7,44954.35,45357.4,134.35,1,15,15,45435.25,5183.25,5075.1,0.75,TP hit
2024-02-14,BANKNIFTY,ORB,CALL,BEARISH,-0.892,10:50:00,10:55:00,45319.4,45183.98,45559.12,135.42,1,15,15,45623.2,4542.0,4433.57,0.65,TP hit
2024-02-20,BANKNIFTY,ORB,CALL,NEUTRAL,-0.239,11:35:00,11:40:00,46850.8,46710.82,47098.92,139.98,1,15,15,47104.45,3789.75,3679.09,0.52,Hard close (15:15)
2024-02-21,BANKNIFTY,VWAP,CALL,BULLISH,0.502,11:35:00,11:40:00,47134.15,47039.88,0.0,94.27,1,15,15,47019.35,-1737.0,-1847.53,-0.26,SL hit
2024-02-22,BANKNIFTY,ORB,PUT,NEUTRAL,0.002,10:55:00,11:00:00,46524.15,46664.54,46431.1,140.39,1,15,15,46576.15,-765.0,-874.86,-0.13,NO_MOVE_EXTENDED
2024-02-23,BANKNIFTY,VWAP,PUT,NEUTRAL,0.247,13:20:00,13:25:00,46870.65,46964.39,0.0,93.74,1,15,15,46784.3,1310.25,1200.07,0.17,Hard close (15:15)
2024-02-26,BANKNIFTY,ORB,PUT,BEARISH,-0.327,11:50:00,11:55:00,46562.85,46702.69,46191.4,139.84,1,15,15,46655.8,-1379.25,-1489.23,-0.21,NO_MOVE_TREND_LOST
2024-02-27,BANKNIFTY,VWAP,CALL,NEUTRAL,-0.183,11:20:00,11:25:00,46512.35,46419.33,0.0,93.02,1,15,15,46412.5,-1512.75,-1622.37,-0.23,SL hit
2024-02-27,BANKNIFTY,PDH_PDL,CALL,NEUTRAL,-0.183,13:10:00,13:15:00,46656.7,46563.39,46750.01,93.31,1,15,15,46557.85,-1497.75,-1607.59,-0.23,SL hit
2024-03-01,BANKNIFTY,ORB,CALL,BULLISH,0.67,11:35:00,11:40:00,46928.5,46788.69,47178.38,139.81,1,15,15,47232.8,4549.5,4438.65,0.63,TP hit
2024-03-04,BANKNIFTY,VWAP,PUT,NEUTRAL,0.051,10:50:00,10:55:00,47376.35,47471.1,0.0,94.75,1,15,15,47485.3,-1619.25,-1730.48,-0.24,SL hit
2024-03-06,BANKNIFTY,ORB,CALL,NEUTRAL,-0.274,11:00:00,11:05:00,48060.15,47916.44,48596.62,143.71,1,15,15,47891.6,-2543.25,-2655.09,-0.37,Hard close (15:15)
2024-03-12,BANKNIFTY,VWAP,PUT,NEUTRAL,0.15,10:40:00,10:45:00,47243.7,47338.19,0.0,94.49,1,15,15,47213.5,468.0,357.18,0.05,NO_MOVE_EXTENDED
2024-03-14,BANKNIFTY,ORB,CALL,NEUTRAL,-0.148,10:40:00,10:45:00,46987.4,46846.83,47293.8,140.57,1,15,15,46814.85,-2603.25,-2713.47,-0.38,SL hit
2024-03-18,BANKNIFTY,ORB,PUT,NEUTRAL,-0.179,11:10:00,11:15:00,46200.7,46339.92,45996.73,139.22,1,15,15,46501.6,-4498.5,-4608.25,-0.66,SL hit
2024-03-19,BANKNIFTY,VWAP,CALL,BEARISH,-0.42,11:15:00,11:20:00,46514.15,46421.12,0.0,93.03,1,15,15,46407.8,-1610.25,-1719.86,-0.25,SL hit
2024-03-20,BANKNIFTY,ORB,PUT,NEUTRAL,0.129,10:40:00,10:45:00,45914.2,46053.19,45822.37,138.99,1,15,15,46083.1,-2518.5,-2627.62,-0.38,SL hit
2024-03-21,BANKNIFTY,SMC,CALL,BULLISH,0.657,12:15:00,12:20:00,46695.45,46540.15,47006.05,155.3,1,15,15,46707.85,171.0,60.94,0.01,NO_MOVE_TREND_LOST
2024-03-28,BANKNIFTY,ORB,CALL,NEUTRAL,-0.05,10:35:00,10:40:00,47260.55,47119.1,47630.6,141.45,1,15,15,47241.6,-299.25,-410.11,-0.06,NO_MOVE_TREND_LOST
2024-04-04,BANKNIFTY,ORB,PUT,BULLISH,0.892,10:50:00,10:55:00,47746.8,47890.59,47444.52,143.79,1,15,15,47926.0,-2673.0,-2784.89,-0.39,SL hit
2024-04-05,BANKNIFTY,ORB,CALL,NEUTRAL,-0.045,11:20:00,11:25:00,48193.7,48049.38,48423.38,144.32,1,15,15,48224.5,447.0,334.66,0.05,NO_MOVE_EXTENDED
2024-04-08,BANKNIFTY,VWAP,PUT,NEUTRAL,0.136,13:25:00,13:30:00,48511.4,48608.42,0.0,97.02,1,15,15,48615.55,-1547.25,-1660.17,-0.23,SL hit
2024-04-09,BANKNIFTY,SMC,PUT,BULLISH,0.505,11:35:00,11:40:00,48926.85,48990.75,48799.05,63.9,1,15,15,48902.55,379.5,266.15,0.04,NO_MOVE_TREND_LOST
2024-04-12,BANKNIFTY,VWAP,PUT,BEARISH,-0.492,12:15:00,12:20:00,48662.65,48759.98,0.0,97.33,1,15,15,48607.3,845.25,732.34,0.1,NO_MOVE_EXTENDED
2024-04-18,BANKNIFTY,VWAP,PUT,NEUTRAL,-0.012,13:25:00,13:30:00,47345.3,47439.99,0.0,94.69,1,15,15,47502.85,-2348.25,-2459.5,-0.35,SL hit
2024-04-19,BANKNIFTY,ORB,CALL,BEARISH,-0.821,11:40:00,11:45:00,47011.6,46871.03,47270.93,140.57,1,15,15,47280.95,4025.25,3914.33,0.56,TP hit
2024-04-25,BANKNIFTY,VWAP,PUT,BEARISH,-0.877,10:50:00,10:55:00,48108.55,48204.77,0.0,96.22,1,15,15,48274.75,-2478.0,-2590.41,-0.36,SL hit
2024-04-25,BANKNIFTY,PDH_PDL,PUT,BEARISH,-0.877,11:55:00,12:00:00,48135.8,48232.29,48039.53,96.49,1,15,15,48265.55,-1931.25,-2043.65,-0.28,SL hit
2024-04-30,BANKNIFTY,VWAP,PUT,BULLISH,2.47,11:45:00,11:50:00,49515.45,49614.48,0.0,99.03,1,15,15,49553.25,-552.0,-666.33,-0.09,NO_MOVE_TREND_LOST
2024-04-30,BANKNIFTY,SMC,PUT,BULLISH,2.47,13:55:00,14:00:00,49573.75,49621.5,49478.25,47.75,1,15,15,49848.35,-4104.0,-4218.77,-0.57,SL hit
2024-05-03,BANKNIFTY,ORB,PUT,NEUTRAL,0.267,11:20:00,11:25:00,48967.95,49116.07,48870.01,148.12,1,15,15,48852.2,1751.25,1637.97,0.22,TP hit
2024-05-06,BANKNIFTY,VWAP,PUT,BULLISH,0.607,11:20:00,11:25:00,49046.95,49145.04,0.0,98.09,1,15,15,48878.9,2535.75,2422.43,0.33,Hard close (15:15)
2024-05-07,BANKNIFTY,ORB,PUT,NEUTRAL,0.068,10:30:00,10:35:00,48417.4,48563.81,48320.57,146.41,1,15,15,48320.55,1467.75,1355.27,0.19,TP hit
2024-05-08,BANKNIFTY,VWAP,CALL,BEARISH,-0.314,11:15:00,11:20:00,48153.85,48057.54,0.0,96.31,1,15,15,47988.25,-2499.0,-2610.98,-0.36,SL hit
2024-05-10,BANKNIFTY,VWAP,PUT,NEUTRAL,0.084,10:50:00,10:55:00,47599.05,47694.25,0.0,95.2,1,15,15,47707.5,-1611.75,-1723.31,-0.24,SL hit
2024-05-13,BANKNIFTY,VWAP,CALL,NEUTRAL,-0.108,11:05:00,11:10:00,47164.85,47070.52,0.0,94.33,1,15,15,47304.4,2078.25,1967.29,0.28,Trail SL
2024-05-16,BANKNIFTY,ORB,PUT,BULLISH,0.493,10:45:00,10:50:00,47527.95,47671.18,47356.4,143.23,1,15,15,47676.35,-2211.0,-2322.51,-0.33,SL hit
2024-05-17,BANKNIFTY,ORB,CALL,NEUTRAL,-0.28,11:10:00,11:15:00,48145.15,48001.21,48315.8,143.94,1,15,15,48169.9,356.25,244.0,0.03,Hard close (15:15)
2024-05-21,BANKNIFTY,VWAP,CALL,BEARISH,-0.574,11:00:00,11:05:00,48108.15,48011.93,0.0,96.22,1,15,15,48148.75,594.0,481.78,0.07,NO_MOVE_EXTENDED
2024-05-22,BANKNIFTY,SMC,PUT,NEUTRAL,0.258,13:55:00,14:00:00,47745.3,47808.1,47619.7,62.8,1,15,15,47717.05,438.75,327.18,0.05,NO_MOVE_TREND_LOST
2024-05-24,BANKNIFTY,PDH_PDL,PUT,NEUTRAL,-0.142,10:25:00,10:30:00,48742.5,48840.16,48645.01,97.66,1,15,15,48873.35,-1947.75,-2061.06,-0.28,SL hit
2024-05-27,BANKNIFTY,ORB,CALL,BULLISH,0.321,11:50:00,11:55:00,49405.3,49257.41,49663.75,147.89,1,15,15,49666.2,3898.5,3784.0,0.51,TP hit
2024-05-29,BANKNIFTY,ORB,PUT,BEARISH,-0.557,11:15:00,11:20:00,48579.15,48725.46,48393.47,146.31,1,15,15,48666.15,-1290.0,-1403.0,-0.19,NO_MOVE_EXTENDED
2024-05-31,BANKNIFTY,ORB,PUT,NEUTRAL,0.148,11:15:00,11:20:00,48647.4,48794.02,48550.11,146.62,1,15,15,48815.85,-2511.75,-2624.97,-0.36,SL hit
2024-06-03,BANKNIFTY,SMC,CALL,BULLISH,3.925,13:40:00,13:45:00,50818.45,50580.91,51293.53,237.54,1,15,15,50793.55,-388.5,-504.69,-0.07,NO_MOVE_TREND_LOST
2024-06-06,BANKNIFTY,SMC,CALL,BULLISH,1.186,11:50:00,11:55:00,49365.4,49130.8,49834.6,234.6,1,15,15,49331.05,-530.25,-644.25,-0.09,NO_MOVE_TREND_LOST
2024-06-06,BANKNIFTY,PDH_PDL,PUT,BULLISH,1.186,13:45:00,13:50:00,49197.4,49296.13,49099.01,98.73,1,15,15,49070.75,1914.75,1801.14,0.24,TP hit
2024-06-07,BANKNIFTY,ORB,CALL,NEUTRAL,-0.028,10:35:00,10:40:00,49614.95,49466.59,50015.08,148.36,1,15,15,49823.45,3112.5,2997.77,0.4,Hard close (15:15)
2024-06-11,BANKNIFTY,ORB,CALL,NEUTRAL,0.124,10:30:00,10:35:00,49899.1,49749.8,50121.58,149.3,1,15,15,49711.65,-2826.75,-2941.32,-0.39,SL hit
2024-06-12,BANKNIFTY,PDH_PDL,PUT,BULLISH,0.413,13:40:00,13:45:00,49966.05,50065.99,49866.12,99.94,1,15,15,49923.0,660.75,545.87,0.07,Hard close (15:15)
2024-06-19,BANKNIFTY,VWAP,CALL,NEUTRAL,0.255,10:55:00,11:00:00,51028.0,50925.94,0.0,102.06,1,15,15,50916.2,-1692.0,-1808.37,-0.24,SL hit
2024-06-19,BANKNIFTY,ORB,CALL,NEUTRAL,0.255,11:40:00,11:45:00,51062.9,50909.99,51758.88,152.91,1,15,15,51132.7,1032.0,915.3,0.12,NO_MOVE_EXTENDED
2024-06-21,BANKNIFTY,ORB,PUT,BULLISH,0.322,10:45:00,10:50:00,51383.0,51537.54,50880.35,154.54,1,15,15,51477.75,-1406.25,-1523.47,-0.2,NO_MOVE_EXTENDED
2024-06-24,BANKNIFTY,PDH_PDL,CALL,BEARISH,-0.538,10:20:00,10:25:00,51356.8,51254.09,51459.51,102.71,1,15,15,51477.6,1797.0,1679.78,0.22,TP hit
2024-06-24,BANKNIFTY,ORB,CALL,BEARISH,-0.538,11:00:00,11:05:00,51533.55,51379.37,51778.52,154.18,1,15,15,51720.45,2788.5,2670.92,0.35,Hard close (15:15)
2024-06-25,BANKNIFTY,ORB,CALL,NEUTRAL,0.096,10:45:00,10:50:00,52161.3,52005.38,52312.27,155.92,1,15,15,52076.65,-1284.75,-1402.86,-0.18,NO_MOVE_EXTENDED
2024-06-25,BANKNIFTY,SMC,PUT,NEUTRAL,0.096,13:10:00,13:15:00,52495.15,52558.5,52368.46,63.35,1,15,15,52574.0,-1167.75,-1286.61,-0.16,SL hit
2024-06-26,BANKNIFTY,ORB,CALL,NEUTRAL,0.044,11:25:00,11:30:00,52819.85,52661.74,53092.9,158.11,1,15,15,52848.35,412.5,293.23,0.04,NO_MOVE_EXTENDED
2024-07-02,BANKNIFTY,ORB,PUT,BULLISH,0.518,11:40:00,11:45:00,52094.3,52250.93,51280.07,156.63,1,15,15,52147.85,-788.25,-906.47,-0.12,NO_MOVE_EXTENDED
2024-07-08,BANKNIFTY,VWAP,PUT,NEUTRAL,-0.19,10:30:00,10:35:00,52496.85,52601.84,0.0,104.99,1,15,15,52395.25,1539.0,1420.41,0.18,Hard close (15:15)
2024-07-12,BANKNIFTY,VWAP,CALL,NEUTRAL,-0.063,10:50:00,10:55:00,52495.4,52390.41,0.0,104.99,1,15,15,52551.5,826.5,707.67,0.09,NO_MOVE_EXTENDED
2024-07-18,BANKNIFTY,VWAP,CALL,BEARISH,-0.353,12:10:00,12:15:00,52424.05,52319.2,0.0,104.85,1,15,15,52610.3,2778.75,2659.84,0.34,Hard close (15:15)
2024-07-19,BANKNIFTY,ORB,PUT,NEUTRAL,-0.053,10:55:00,11:00:00,52229.4,52386.42,51969.75,157.02,1,15,15,52309.0,-1179.0,-1297.46,-0.17,NO_MOVE_EXTENDED
2024-07-23,BANKNIFTY,VWAP,PUT,BULLISH,0.349,11:15:00,11:20:00,52144.65,52248.94,0.0,104.29,1,15,15,51954.85,2862.0,2744.07,0.35,Trail SL
2024-07-24,BANKNIFTY,SMC,PUT,NEUTRAL,-0.192,13:20:00,13:25:00,51163.6,51230.8,51029.2,67.2,1,15,15,51297.25,-1989.75,-2106.7,-0.27,SL hit
2024-07-26,BANKNIFTY,ORB,CALL,BEARISH,-0.846,11:55:00,12:00:00,50960.45,50807.82,51533.55,152.63,1,15,15,51297.05,5034.0,4917.06,0.64,Hard close (15:15)
2024-07-29,BANKNIFTY,ORB,CALL,BULLISH,0.378,10:55:00,11:00:00,52099.9,51944.08,52698.65,155.82,1,15,15,51833.8,-4006.5,-4124.25,-0.53,SL hit
2024-07-30,BANKNIFTY,ORB,CALL,NEUTRAL,-0.011,11:30:00,11:35:00,51746.85,51592.05,52109.05,154.8,1,15,15,51718.7,-437.25,-554.83,-0.07,NO_MOVE_EXTENDED
2024-07-30,BANKNIFTY,SMC,PUT,NEUTRAL,-0.011,13:10:00,13:15:00,51802.6,51988.83,51430.14,186.23,1,15,15,51837.85,-513.75,-631.51,-0.08,NO_MOVE_TREND_LOST
2024-08-02,BANKNIFTY,ORB,CALL,BEARISH,-0.841,10:30:00,10:35:00,51450.0,51295.87,51810.23,154.13,1,15,15,51467.35,245.25,128.05,0.02,NO_MOVE_EXTENDED
2024-08-05,BANKNIFTY,ORB,PUT,BEARISH,-1.464,10:45:00,10:50:00,50098.9,50249.94,49745.42,151.04,1,15,15,50064.6,529.5,414.4,0.06,Hard close (15:15)
2024-08-06,BANKNIFTY,ORB,PUT,BULLISH,0.761,10:40:00,10:45:00,49964.8,50115.93,49864.87,151.13,1,15,15,50152.45,-2799.75,-2914.98,-0.39,SL hit
2024-08-07,BANKNIFTY,VWAP,PUT,BULLISH,1.037,11:00:00,11:05:00,49907.05,50006.86,0.0,99.81,1,15,15,50049.05,-2115.0,-2230.07,-0.3,SL hit
2024-08-12,BANKNIFTY,ORB,CALL,NEUTRAL,-0.137,10:55:00,11:00:00,50698.7,50547.32,50848.58,151.38,1,15,15,50644.7,-825.0,-940.97,-0.12,NO_MOVE_EXTENDED
2024-08-16,BANKNIFTY,VWAP,CALL,BULLISH,0.777,11:25:00,11:30:00,50102.7,50002.49,0.0,100.21,1,15,15,50506.45,6041.25,5925.49,0.79,Hard close (15:15)
2024-08-20,BANKNIFTY,ORB,CALL,NEUTRAL,-0.003,11:05:00,11:10:00,50811.35,50659.33,51083.85,152.02,1,15,15,50793.85,-277.5,-393.69,-0.05,Hard close (15:15)
2024-08-21,BANKNIFTY,VWAP,CALL,NEUTRAL,-0.103,11:20:00,11:25:00,50569.65,50468.51,0.0,101.14,1,15,15,50366.6,-3060.75,-3176.3,-0.42,SL hit
2024-09-03,BANKNIFTY,SMC,CALL,NEUTRAL,0.093,11:15:00,11:20:00,51351.15,51209.24,51634.97,141.91,1,15,15,51324.05,-421.5,-538.49,-0.07,NO_MOVE_TREND_LOST
2024-09-09,BANKNIFTY,ORB,CALL,NEUTRAL,-0.155,10:40:00,10:45:00,50771.95,50619.88,51174.52,152.07,1,15,15,50687.85,-1276.5,-1392.53,-0.18,NO_MOVE_EXTENDED
2024-09-09,BANKNIFTY,SMC,CALL,NEUTRAL,-0.155,12:30:00,12:35:00,50680.2,50533.44,50973.72,146.76,1,15,15,50679.4,-27.0,-143.02,-0.02,NO_MOVE_TREND_LOST
2024-09-10,BANKNIFTY,PDH_PDL,PUT,BULLISH,0.395,11:05:00,11:10:00,51081.65,51184.04,50979.49,102.39,1,15,15,51186.5,-1557.75,-1674.53,-0.22,SL hit
2024-09-11,BANKNIFTY,ORB,CALL,NEUTRAL,-0.115,10:30:00,10:35:00,51357.1,51203.23,51650.42,153.87,1,15,15,51146.55,-3173.25,-3289.97,-0.43,SL hit
2024-09-12,BANKNIFTY,VWAP,PUT,BULLISH,0.345,12:20:00,12:25:00,51139.6,51241.88,0.0,102.28,1,15,15,51187.9,-709.5,-826.28,-0.11,NO_MOVE_TREND_LOST
2024-09-18,BANKNIFTY,ORB,CALL,NEUTRAL,0.062,10:40:00,10:45:00,52682.9,52525.55,52895.3,157.35,1,15,15,52773.8,1348.5,1229.34,0.16,NO_MOVE_EXTENDED
2024-09-20,BANKNIFTY,ORB,CALL,BULLISH,0.359,10:35:00,10:40:00,53507.8,53347.86,53730.35,159.94,1,15,15,53600.45,1374.75,1254.35,0.16,NO_MOVE_EXTENDED
2024-09-23,BANKNIFTY,VWAP,PUT,NEUTRAL,-0.036,11:45:00,11:50:00,53899.05,54006.85,0.0,107.8,1,15,15,53954.7,-819.75,-940.68,-0.12,NO_MOVE_TREND_LOST
2024-10-04,BANKNIFTY,ORB,CALL,BEARISH,-0.419,10:40:00,10:45:00,52043.7,51887.79,52462.63,155.91,1,15,15,51845.45,-2988.75,-3106.52,-0.4,SL hit
2024-10-07,BANKNIFTY,ORB,PUT,NEUTRAL,-0.024,10:45:00,10:50:00,51247.1,51401.55,51031.68,154.45,1,15,15,51504.4,-3844.5,-3961.76,-0.52,SL hit
2024-10-08,BANKNIFTY,SMC,PUT,NEUTRAL,0.234,13:40:00,13:45:00,51084.7,51191.5,50871.1,106.8,1,15,15,51136.35,-759.75,-876.45,-0.11,NO_MOVE_TREND_LOST
2024-10-09,BANKNIFTY,ORB,CALL,NEUTRAL,0.168,10:35:00,10:40:00,51557.45,51403.76,51720.67,153.69,1,15,15,51283.25,-4128.0,-4244.92,-0.55,SL hit
2024-10-11,BANKNIFTY,ORB,PUT,NEUTRAL,-0.081,11:15:00,11:20:00,51117.4,51271.22,50841.5,153.82,1,15,15,51127.25,-132.75,-249.44,-0.03,NO_MOVE_EXTENDED
2024-10-15,BANKNIFTY,VWAP,CALL,NEUTRAL,0.187,10:35:00,10:40:00,51920.0,51816.16,0.0,103.84,1,15,15,51802.25,-1781.25,-1898.95,-0.24,SL hit
2024-10-17,BANKNIFTY,ORB,PUT,NEUTRAL,0.102,11:25:00,11:30:00,51184.75,51339.16,50777.7,154.41,1,15,15,51349.2,-2451.75,-2568.77,-0.33,SL hit
2024-10-21,BANKNIFTY,SMC,CALL,BULLISH,0.427,12:15:00,12:20:00,51976.55,51877.86,52173.92,98.69,1,15,15,51964.15,-201.0,-318.95,-0.04,Hard close (15:15)
2024-10-22,BANKNIFTY,ORB,PUT,BULLISH,0.417,11:20:00,11:25:00,51806.9,51962.46,51444.37,155.56,1,15,15,51435.05,5592.75,5475.6,0.7,TP hit
2024-10-24,BANKNIFTY,ORB,CALL,NEUTRAL,0.06,10:30:00,10:35:00,51764.75,51610.27,51933.97,154.48,1,15,15,51568.15,-2964.0,-3081.35,-0.4,SL hit
2024-10-25,BANKNIFTY,ORB,PUT,BEARISH,-0.38,11:15:00,11:20:00,50689.8,50842.89,50325.17,153.09,1,15,15,50859.8,-2535.0,-2651.29,-0.35,Hard close (15:15)
2024-10-28,BANKNIFTY,VWAP,PUT,BULLISH,0.406,11:00:00,11:05:00,51334.1,51436.77,0.0,102.67,1,15,15,51453.05,-1769.25,-1886.43,-0.24,SL hit
2024-10-29,BANKNIFTY,SMC,PUT,NEUTRAL,0.148,12:50:00,12:55:00,51812.75,51873.64,51690.97,60.89,1,15,15,51914.45,-1510.5,-1628.37,-0.21,SL hit
2024-11-04,BANKNIFTY,ORB,PUT,NEUTRAL,0.173,11:10:00,11:15:00,51121.55,51275.44,50591.12,153.89,1,15,15,51120.85,25.5,-91.18,-0.01,NO_MOVE_EXTENDED
2024-11-05,BANKNIFTY,VWAP,PUT,BEARISH,-0.341,10:35:00,10:40:00,51114.4,51216.63,0.0,102.23,1,15,15,51240.6,-1878.0,-1994.86,-0.26,SL hit
2024-11-05,BANKNIFTY,ORB,PUT,BEARISH,-0.341,11:40:00,11:45:00,50940.85,51094.0,50705.15,153.15,1,15,15,51129.4,-2813.25,-2929.94,-0.38,SL hit
2024-11-06,BANKNIFTY,VWAP,CALL,BULLISH,0.642,11:30:00,11:35:00,52387.15,52282.38,0.0,104.77,1,15,15,52369.8,-275.25,-393.8,-0.05,NO_MOVE_TREND_LOST
2024-11-07,BANKNIFTY,SMC,PUT,NEUTRAL,-0.24,13:15:00,13:20:00,51998.55,52094.3,51807.05,95.75,1,15,15,51931.8,1016.25,898.35,0.12,Hard close (15:15)
2024-11-08,BANKNIFTY,ORB,PUT,NEUTRAL,-0.044,11:55:00,12:00:00,51524.5,51679.33,51137.3,154.83,1,15,15,51724.1,-2979.0,-3096.59,-0.4,SL hit
2024-11-11,BANKNIFTY,ORB,CALL,NEUTRAL,0.059,10:35:00,10:40:00,51887.45,51732.55,52138.32,154.9,1,15,15,52145.9,3861.75,3743.53,0.48,TP hit
2024-11-12,BANKNIFTY,PDH_PDL,PUT,BULLISH,0.466,10:00:00,10:05:00,51928.05,52032.41,51824.19,104.36,1,15,15,51772.65,2346.0,2228.34,0.29,TP hit
2024-11-13,BANKNIFTY,ORB,PUT,NEUTRAL,-0.175,10:35:00,10:40:00,50880.25,51033.16,50398.0,152.91,1,15,15,50340.7,8108.25,7992.74,1.05,TP hit
2024-11-21,BANKNIFTY,PDH_PDL,CALL,BULLISH,0.315,12:35:00,12:40:00,50465.25,50364.32,50566.18,100.93,1,15,15,50359.35,-1603.5,-1719.04,-0.23,SL hit
2024-11-22,BANKNIFTY,VWAP,CALL,NEUTRAL,0.128,11:35:00,11:40:00,50843.05,50741.36,0.0,101.69,1,15,15,51096.4,3785.25,3668.61,0.48,Hard close (15:15)
2024-11-27,BANKNIFTY,SMC,PUT,NEUTRAL,-0.046,12:00:00,12:05:00,52201.4,52423.47,51757.26,222.07,1,15,15,52438.6,-3543.0,-3661.66,-0.47,SL hit
2024-12-02,BANKNIFTY,PDH_PDL,CALL,NEUTRAL,0.123,10:15:00,10:20:00,51892.9,51789.11,51996.69,103.79,1,15,15,51787.85,-1590.75,-1708.43,-0.22,SL hit
2024-12-02,BANKNIFTY,PDH_PDL,CALL,NEUTRAL,0.123,13:55:00,14:00:00,51939.1,51835.22,52042.98,103.88,1,15,15,52062.45,1835.25,1717.16,0.22,TP hit
2024-12-04,BANKNIFTY,ORB,CALL,NEUTRAL,0.216,10:50:00,10:55:00,53130.0,52971.1,53388.4,158.9,1,15,15,52952.0,-2685.0,-2804.43,-0.35,SL hit
2024-12-05,BANKNIFTY,ORB,PUT,NEUTRAL,0.223,10:55:00,11:00:00,52908.2,53067.71,52802.38,159.51,1,15,15,53075.95,-2501.25,-2620.86,-0.33,SL hit
2024-12-10,BANKNIFTY,VWAP,PUT,NEUTRAL,0.055,12:15:00,12:20:00,53456.6,53563.51,0.0,106.91,1,15,15,53585.8,-1923.0,-2043.38,-0.25,SL hit
2024-12-13,BANKNIFTY,ORB,PUT,NEUTRAL,-0.216,10:30:00,10:35:00,52339.7,52498.03,52094.55,158.33,1,15,15,52563.5,-3342.0,-3460.84,-0.44,SL hit
2024-12-17,BANKNIFTY,VWAP,CALL,NEUTRAL,-0.181,10:55:00,11:00:00,53216.2,53109.77,0.0,106.43,1,15,15,53026.8,-2856.0,-2975.54,-0.37,SL hit
2024-12-18,BANKNIFTY,ORB,PUT,NEUTRAL,-0.176,10:30:00,10:35:00,52452.85,52610.49,52134.0,157.64,1,15,15,52122.35,4972.5,4854.32,0.62,TP hit
2024-12-19,BANKNIFTY,ORB,CALL,BEARISH,-1.488,11:35:00,11:40:00,51746.9,51592.06,52136.5,154.84,1,15,15,51586.0,-2428.5,-2545.88,-0.33,SL hit
2024-12-23,BANKNIFTY,VWAP,PUT,BULLISH,0.338,11:55:00,12:00:00,51281.5,51384.06,0.0,102.56,1,15,15,51333.1,-759.0,-876.0,-0.11,Hard close (15:15)
2024-12-24,BANKNIFTY,VWAP,PUT,NEUTRAL,0.016,11:30:00,11:35:00,51219.75,51322.19,0.0,102.44,1,15,15,51259.4,-579.75,-696.64,-0.09,NO_MOVE_EXTENDED
2024-12-26,BANKNIFTY,ORB,PUT,NEUTRAL,0.209,10:45:00,10:50:00,51116.65,51270.74,50798.38,154.09,1,15,15,51120.65,-45.0,-161.68,-0.02,NO_MOVE_EXTENDED
2024-12-30,BANKNIFTY,ORB,CALL,NEUTRAL,-0.18,11:25:00,11:30:00,51668.15,51514.01,51771.49,154.14,1,15,15,51790.9,1826.25,1708.56,0.22,TP hit
2024-12-31,BANKNIFTY,PDH_PDL,CALL,BEARISH,-0.494,11:40:00,11:45:00,50841.4,50739.72,50943.08,101.68,1,15,15,50876.1,505.5,389.19,0.05,NO_MOVE_EXTENDED
2025-01-01,BANKNIFTY,ORB,CALL,NEUTRAL,-0.083,10:50:00,10:55:00,51097.65,50944.74,51568.22,152.91,1,15,15,51110.55,178.5,61.83,0.01,NO_MOVE_EXTENDED
2025-01-03,BANKNIFTY,ORB,PUT,NEUTRAL,-0.075,11:05:00,11:10:00,51178.1,51332.19,50897.22,154.09,1,15,15,51354.0,-2623.5,-2740.53,-0.36,SL hit
2025-01-06,BANKNIFTY,ORB,PUT,NEUTRAL,0.032,11:10:00,11:15:00,50260.2,50411.77,49767.85,151.57,1,15,15,50163.2,1470.0,1354.76,0.18,NO_MOVE_EXTENDED
2025-01-08,BANKNIFTY,ORB,PUT,NEUTRAL,0.036,10:40:00,10:45:00,49636.9,49786.97,49537.63,150.07,1,15,15,49520.8,1756.5,1642.22,0.22,TP hit
2025-01-09,BANKNIFTY,ORB,PUT,NEUTRAL,-0.248,10:45:00,10:50:00,49426.05,49574.51,49019.73,148.46,1,15,15,49506.0,-1184.25,-1298.51,-0.18,Hard close (15:15)
2025-01-14,BANKNIFTY,PDH_PDL,PUT,BULLISH,0.45,10:15:00,10:20:00,48438.85,48536.06,48341.97,97.21,1,15,15,48563.7,-1857.75,-1970.59,-0.27,SL hit
2025-01-14,BANKNIFTY,ORB,CALL,BULLISH,0.45,11:15:00,11:20:00,48706.6,48560.75,49191.95,145.85,1,15,15,48558.55,-2235.75,-2348.59,-0.32,SL hit
2025-01-15,BANKNIFTY,SMC,PUT,NEUTRAL,-0.106,11:00:00,11:05:00,48945.8,49113.65,48610.1,167.85,1,15,15,48920.4,396.0,282.62,0.04,NO_MOVE_EXTENDED
2025-01-16,BANKNIFTY,VWAP,CALL,BULLISH,0.614,11:35:00,11:40:00,49301.2,49202.6,0.0,98.6,1,15,15,49271.95,-453.75,-567.66,-0.08,NO_MOVE_TREND_LOST
2025-01-17,BANKNIFTY,ORB,PUT,BEARISH,-0.864,10:35:00,10:40:00,48521.0,48666.78,47913.58,145.78,1,15,15,48535.25,-198.75,-311.55,-0.04,NO_MOVE_EXTENDED
2025-01-20,BANKNIFTY,ORB,CALL,BULLISH,0.635,11:15:00,11:20:00,49267.45,49120.66,49365.98,146.79,1,15,15,49408.6,2102.25,1988.14,0.27,TP hit
2025-01-22,BANKNIFTY,VWAP,PUT,NEUTRAL,0.13,10:35:00,10:40:00,48500.9,48597.9,0.0,97.0,1,15,15,48616.65,-1721.25,-1834.17,-0.25,SL hit
2025-01-22,BANKNIFTY,ORB,PUT,NEUTRAL,0.13,11:30:00,11:35:00,48383.55,48529.14,48211.38,145.59,1,15,15,48206.1,2676.75,2564.44,0.35,TP hit
2025-01-24,BANKNIFTY,ORB,CALL,NEUTRAL,-0.102,11:10:00,11:15:00,48790.35,48644.19,49097.42,146.16,1,15,15,48623.05,-2524.5,-2637.43,-0.36,SL hit
2025-01-28,BANKNIFTY,ORB,CALL,BULLISH,1.283,10:30:00,10:35:00,48771.5,48625.51,48985.55,145.99,1,15,15,49000.4,3418.5,3305.0,0.45,TP hit
2025-01-29,BANKNIFTY,VWAP,PUT,NEUTRAL,0.226,11:20:00,11:25:00,48883.2,48980.97,0.0,97.77,1,15,15,49001.0,-1752.0,-1865.5,-0.25,SL hit
2025-02-01,BANKNIFTY,ORB,CALL,NEUTRAL,-0.044,10:40:00,10:45:00,49803.2,49653.93,50158.88,149.27,1,15,15,49441.5,-5440.5,-5554.66,-0.74,SL hit
2025-02-03,BANKNIFTY,SMC,PUT,BEARISH,-0.901,11:10:00,11:15:00,49271.95,49310.3,49195.25,38.35,1,15,15,49149.35,1854.0,1740.28,0.24,TP hit
2025-02-04,BANKNIFTY,SMC,PUT,BULLISH,0.639,13:00:00,13:05:00,49983.35,50114.2,49721.65,130.85,1,15,15,49991.45,-106.5,-221.49,-0.03,NO_MOVE_TREND_LOST
2025-02-14,BANKNIFTY,ORB,PUT,NEUTRAL,0.291,10:35:00,10:40:00,49150.2,49298.17,48916.7,147.97,1,15,15,48860.75,4356.75,4243.46,0.58,TP hit
2025-02-17,BANKNIFTY,VWAP,CALL,BEARISH,-0.362,12:40:00,12:45:00,48834.65,48736.98,0.0,97.67,1,15,15,49267.15,6472.5,6358.6,0.87,Hard close (15:15)
2025-02-19,BANKNIFTY,ORB,CALL,BEARISH,-0.344,10:45:00,10:50:00,49501.9,49354.04,50008.0,147.86,1,15,15,49534.25,470.25,355.95,0.05,NO_MOVE_EXTENDED
2025-02-21,BANKNIFTY,ORB,PUT,NEUTRAL,-0.297,11:10:00,11:15:00,48916.75,49063.88,48644.93,147.13,1,15,15,48944.65,-403.5,-516.92,-0.07,NO_MOVE_TREND_LOST
2025-02-24,BANKNIFTY,SMC,PUT,BEARISH,-0.577,11:55:00,12:00:00,48572.85,48716.6,48285.35,143.75,1,15,15,48608.6,-521.25,-634.16,-0.09,NO_MOVE_TREND_LOST
2025-02-25,BANKNIFTY,ORB,PUT,NEUTRAL,0.07,10:45:00,10:50:00,48602.05,48748.0,48328.65,145.95,1,15,15,48661.75,-880.5,-993.49,-0.14,NO_MOVE_EXTENDED
2025-03-05,BANKNIFTY,ORB,CALL,NEUTRAL,-0.099,11:35:00,11:40:00,48597.75,48452.12,49071.88,145.63,1,15,15,48446.25,-2287.5,-2400.17,-0.33,SL hit
2025-03-06,BANKNIFTY,VWAP,PUT,BULLISH,0.523,11:20:00,11:25:00,48486.2,48583.17,0.0,96.97,1,15,15,48585.9,-1480.5,-1593.38,-0.22,SL hit
2025-03-11,BANKNIFTY,VWAP,PUT,BEARISH,-0.609,12:45:00,12:50:00,47836.25,47931.92,0.0,95.67,1,15,15,47938.85,-1524.0,-1635.91,-0.23,SL hit
2025-03-12,BANKNIFTY,PDH_PDL,PUT,NEUTRAL,0.018,13:50:00,13:55:00,47983.5,48079.56,47887.53,96.06,1,15,15,48091.75,-1608.75,-1720.89,-0.24,SL hit
2025-03-21,BANKNIFTY,ORB,CALL,NEUTRAL,-0.133,10:45:00,10:50:00,50447.85,50297.26,50649.95,150.59,1,15,15,50434.85,-210.0,-325.65,-0.04,NO_MOVE_EXTENDED
2025-03-24,BANKNIFTY,ORB,CALL,BULLISH,0.815,10:35:00,10:40:00,51578.1,51424.58,51738.78,153.52,1,15,15,51741.9,2442.0,2324.39,0.3,TP hit
2025-03-24,BANKNIFTY,ORB,CALL,BULLISH,0.815,11:05:00,11:10:00,51647.05,51493.53,51750.34,153.52,1,15,15,51631.85,-243.0,-360.45,-0.05,NO_MOVE_EXTENDED
2025-03-26,BANKNIFTY,ORB,PUT,BULLISH,0.311,11:55:00,12:00:00,51457.0,51611.72,51185.08,154.72,1,15,15,51165.95,4380.75,4264.0,0.55,TP hit
2025-03-26,BANKNIFTY,SMC,CALL,BULLISH,0.311,13:50:00,13:55:00,51194.75,51095.48,51393.28,99.27,1,15,15,51184.4,-170.25,-287.03,-0.04,NO_MOVE_TREND_LOST
2025-03-27,BANKNIFTY,ORB,CALL,NEUTRAL,-0.186,10:50:00,10:55:00,51591.55,51437.09,52142.6,154.46,1,15,15,51614.7,332.25,214.83,0.03,NO_MOVE_EXTENDED
2025-04-01,BANKNIFTY,ORB,PUT,BEARISH,-0.7,10:55:00,11:00:00,50892.0,51045.51,50429.1,153.51,1,15,15,50858.85,512.25,395.96,0.05,NO_MOVE_EXTENDED
2025-04-08,BANKNIFTY,ORB,PUT,BULLISH,0.805,10:30:00,10:35:00,50236.5,50387.67,49780.83,151.17,1,15,15,50463.25,-3386.25,-3501.94,-0.46,SL hit
2025-04-09,BANKNIFTY,ORB,PUT,NEUTRAL,-0.174,11:00:00,11:05:00,49996.5,50147.26,49890.65,150.76,1,15,15,50175.8,-2674.5,-2789.76,-0.37,SL hit
2025-04-16,BANKNIFTY,SMC,PUT,BULLISH,0.526,13:15:00,13:20:00,52819.2,52913.09,52631.42,93.89,1,15,15,52963.5,-2149.5,-2268.94,-0.29,SL hit
2025-04-17,BANKNIFTY,ORB,CALL,NEUTRAL,0.084,11:40:00,11:45:00,53749.55,53589.39,53857.05,160.16,1,15,15,53885.1,2018.25,1897.42,0.24,TP hit
2025-04-22,BANKNIFTY,ORB,CALL,NEUTRAL,0.215,11:20:00,11:25:00,55808.85,55642.0,56177.93,166.85,1,15,15,55611.7,-2972.25,-3095.67,-0.37,SL hit
2025-04-23,BANKNIFTY,ORB,PUT,BULLISH,0.968,10:30:00,10:35:00,55266.5,55433.22,54783.33,166.72,1,15,15,55295.7,-423.0,-545.94,-0.07,NO_MOVE_EXTENDED
2025-04-23,BANKNIFTY,SMC,CALL,BULLISH,0.968,12:40:00,12:45:00,55277.5,55152.28,55527.93,125.22,1,15,15,55372.15,1404.75,1281.69,0.15,Hard close (15:15)
2025-04-25,BANKNIFTY,ORB,PUT,NEUTRAL,-0.154,11:45:00,11:50:00,54234.35,54398.71,53937.43,164.36,1,15,15,54402.95,-2514.0,-2635.6,-0.32,SL hit
2025-04-29,BANKNIFTY,SMC,CALL,NEUTRAL,0.174,12:30:00,12:35:00,55356.5,55255.04,55559.43,101.46,1,15,15,55368.45,164.25,41.2,0.0,Hard close (15:15)
2025-05-02,BANKNIFTY,SMC,PUT,NEUTRAL,0.254,13:30:00,13:35:00,55259.5,55323.91,55130.69,64.41,1,15,15,55227.6,493.5,370.66,0.04,NO_MOVE_TREND_LOST
2025-05-07,BANKNIFTY,VWAP,PUT,BEARISH,-0.315,11:45:00,11:50:00,54335.45,54444.12,0.0,108.67,1,15,15,54453.2,-1751.25,-1872.93,-0.23,SL hit
2025-05-09,BANKNIFTY,VWAP,CALL,BEARISH,-1.008,11:25:00,11:30:00,53868.8,53761.06,0.0,107.74,1,15,15,53702.9,-2503.5,-2624.05,-0.32,SL hit
2025-05-14,BANKNIFTY,ORB,PUT,NEUTRAL,0.08,11:45:00,11:50:00,54857.2,55021.95,54482.6,164.75,1,15,15,54776.0,1233.0,1110.84,0.13,Hard close (15:15)
2025-05-15,BANKNIFTY,VWAP,CALL,NEUTRAL,-0.012,10:30:00,10:35:00,54654.15,54544.84,0.0,109.31,1,15,15,54605.0,-752.25,-874.16,-0.11,NO_MOVE_TREND_LOST
2025-05-15,BANKNIFTY,SMC,PUT,NEUTRAL,-0.012,13:00:00,13:05:00,54839.1,54913.7,54689.89,74.6,1,15,15,54940.35,-1503.75,-1626.16,-0.2,SL hit
2025-05-19,BANKNIFTY,ORB,CALL,NEUTRAL,-0.045,10:50:00,10:55:00,55626.6,55460.06,55837.55,166.54,1,15,15,55640.9,199.5,76.04,0.01,NO_MOVE_EXTENDED
2025-05-22,BANKNIFTY,ORB,PUT,BEARISH,-0.344,11:35:00,11:40:00,54649.95,54814.11,54394.35,164.16,1,15,15,54610.3,609.75,487.84,0.06,NO_MOVE_EXTENDED
2025-05-23,BANKNIFTY,ORB,CALL,NEUTRAL,-0.007,10:45:00,10:50:00,55251.45,55085.98,55613.38,165.47,1,15,15,55196.0,-846.75,-969.54,-0.12,NO_MOVE_TREND_LOST
2025-05-26,BANKNIFTY,ORB,PUT,NEUTRAL,0.262,10:35:00,10:40:00,55433.9,55600.45,54978.38,166.55,1,15,15,55498.9,-960.0,-1083.25,-0.13,NO_MOVE_EXTENDED
2025-05-27,BANKNIFTY,VWAP,CALL,NEUTRAL,-0.181,11:00:00,11:05:00,55277.8,55167.24,0.0,110.56,1,15,15,55531.6,3792.0,3668.7,0.44,Trail SL
2025-05-27,BANKNIFTY,PDH_PDL,CALL,NEUTRAL,-0.181,12:30:00,12:35:00,55514.45,55403.42,55625.48,111.03,1,15,15,55339.85,-2634.0,-2757.01,-0.33,SL hit
2025-06-03,BANKNIFTY,SMC,CALL,BULLISH,0.435,12:25:00,12:30:00,55661.0,55550.75,55881.49,110.25,1,15,15,55520.95,-2115.75,-2239.03,-0.27,SL hit
2025-06-06,BANKNIFTY,PDH_PDL,CALL,NEUTRAL,-0.198,10:20:00,10:25:00,55807.75,55696.13,55919.37,111.62,1,15,15,56069.05,3904.5,3780.4,0.45,TP hit
2025-06-12,BANKNIFTY,ORB,PUT,NEUTRAL,0.076,10:40:00,10:45:00,56288.2,56457.38,56064.3,169.18,1,15,15,56257.95,468.75,344.36,0.04,NO_MOVE_EXTENDED
2025-06-24,BANKNIFTY,ORB,CALL,BULLISH,0.557,11:25:00,11:30:00,56788.45,56618.24,57135.4,170.21,1,15,15,56556.3,-3497.25,-3622.08,-0.43,SL hit
2025-06-26,BANKNIFTY,PDH_PDL,PUT,NEUTRAL,0.181,10:40:00,10:45:00,56628.45,56741.81,56515.19,113.36,1,15,15,56999.0,-5543.25,-5668.75,-0.67,SL hit
2025-07-03,BANKNIFTY,VWAP,PUT,NEUTRAL,0.137,11:25:00,11:30:00,57070.1,57184.24,0.0,114.14,1,15,15,56825.7,3681.0,3555.76,0.42,Hard close (15:15)
2025-07-08,BANKNIFTY,VWAP,PUT,NEUTRAL,0.042,10:45:00,10:50:00,57117.15,57231.38,0.0,114.23,1,15,15,57151.85,-505.5,-631.23,-0.07,NO_MOVE_EXTENDED
2025-07-21,BANKNIFTY,ORB,CALL,BULLISH,0.543,11:35:00,11:40:00,56742.05,56572.09,57252.2,169.96,1,15,15,56967.65,3369.0,3243.55,0.38,Hard close (15:15)
2025-07-25,BANKNIFTY,ORB,PUT,NEUTRAL,0.24,10:35:00,10:40:00,56740.2,56910.81,56417.2,170.61,1,15,15,56519.7,3322.5,3197.72,0.38,Hard close (15:15)
2025-07-31,BANKNIFTY,ORB,CALL,BEARISH,-0.689,11:30:00,11:35:00,56008.95,55841.07,56356.98,167.88,1,15,15,56380.85,5563.5,5438.93,0.65,TP hit
2025-08-01,BANKNIFTY,ORB,CALL,NEUTRAL,-0.171,11:00:00,11:05:00,56046.75,55878.82,56282.33,167.93,1,15,15,55847.55,-3003.0,-3126.77,-0.37,SL hit
2025-08-04,BANKNIFTY,ORB,PUT,NEUTRAL,-0.141,10:45:00,10:50:00,55484.05,55650.66,55209.95,166.61,1,15,15,55657.55,-2587.5,-2710.99,-0.33,SL hit
2025-08-08,BANKNIFTY,SMC,CALL,NEUTRAL,0.032,13:30:00,13:35:00,55155.4,55026.66,55412.89,128.74,1,15,15,55122.05,-515.25,-637.93,-0.08,NO_MOVE_TREND_LOST
2025-08-19,BANKNIFTY,PDH_PDL,CALL,NEUTRAL,-0.221,10:10:00,10:15:00,55699.45,55588.05,55810.85,111.4,1,15,15,55816.75,1744.5,1620.78,0.19,TP hit
2025-09-03,BANKNIFTY,VWAP,PUT,NEUTRAL,0.007,10:35:00,10:40:00,53709.15,53816.57,0.0,107.42,1,15,15,53718.05,-118.5,-239.08,-0.03,NO_MOVE_EXTENDED
2025-09-24,BANKNIFTY,ORB,PUT,BEARISH,-0.303,11:00:00,11:05:00,55120.55,55286.23,54799.85,165.68,1,15,15,55170.9,-740.25,-863.01,-0.1,NO_MOVE_EXTENDED
2025-09-25,BANKNIFTY,VWAP,PUT,NEUTRAL,-0.127,11:40:00,11:45:00,55077.05,55187.2,0.0,110.15,1,15,15,55107.9,-447.75,-570.41,-0.07,NO_MOVE_TREND_LOST
2025-09-26,BANKNIFTY,SMC,PUT,NEUTRAL,-0.279,12:55:00,13:00:00,54553.25,54662.78,54334.19,109.53,1,15,15,54326.95,3409.5,3288.01,0.4,TP hit
2025-10-01,BANKNIFTY,ORB,CALL,NEUTRAL,-0.047,11:15:00,11:20:00,55138.1,54973.5,55296.55,164.6,1,15,15,55307.0,2518.5,2395.54,0.29,TP hit
2025-10-08,BANKNIFTY,ORB,PUT,NEUTRAL,-0.208,11:05:00,11:10:00,55877.9,56046.19,55766.14,168.29,1,15,15,55907.25,-425.25,-549.11,-0.07,NO_MOVE_EXTENDED
2025-10-08,BANKNIFTY,PDH_PDL,CALL,NEUTRAL,-0.208,13:30:00,13:35:00,56164.25,56051.92,56276.58,112.33,1,15,15,56041.55,-1855.5,-1979.56,-0.23,SL hit
2025-10-17,BANKNIFTY,ORB,CALL,NEUTRAL,-0.018,10:30:00,10:35:00,57627.3,57454.74,57940.4,172.56,1,15,15,57438.85,-2841.75,-2967.91,-0.34,SL hit
2025-10-24,BANKNIFTY,ORB,PUT,BULLISH,0.331,11:25:00,11:30:00,57771.85,57945.94,57656.31,174.09,1,15,15,57690.45,1236.0,1109.47,0.13,NO_MOVE_EXTENDED
2025-10-28,BANKNIFTY,ORB,PUT,BEARISH,-0.33,10:50:00,10:55:00,57807.6,57981.53,57473.18,173.93,1,15,15,57915.65,-1605.75,-1732.62,-0.2,NO_MOVE_TREND_LOST
2025-10-29,BANKNIFTY,VWAP,CALL,NEUTRAL,0.077,11:20:00,11:25:00,58242.35,58125.87,0.0,116.48,1,15,15,58309.65,994.5,867.04,0.1,NO_MOVE_EXTENDED
2025-10-31,BANKNIFTY,ORB,PUT,NEUTRAL,-0.215,11:15:00,11:20:00,57853.65,58027.44,57438.58,173.79,1,15,15,57770.75,1258.5,1131.84,0.13,Hard close (15:15)
2025-11-04,BANKNIFTY,VWAP,CALL,NEUTRAL,-0.257,10:55:00,11:00:00,58010.2,57894.18,0.0,116.02,1,15,15,57816.8,-2916.0,-3042.72,-0.35,SL hit
2025-11-06,BANKNIFTY,ORB,PUT,NEUTRAL,-0.111,11:15:00,11:20:00,57564.15,57737.06,57169.92,172.91,1,15,15,57560.45,70.5,-55.84,-0.01,Hard close (15:15)
2025-11-07,BANKNIFTY,ORB,CALL,BEARISH,-0.317,11:10:00,11:15:00,57564.2,57391.9,57845.85,172.3,1,15,15,57887.8,4839.0,4712.17,0.55,TP hit
2025-11-26,BANKNIFTY,ORB,CALL,NEUTRAL,-0.047,10:35:00,10:40:00,59489.6,59311.72,60056.18,177.88,1,15,15,59478.95,-174.75,-303.97,-0.03,NO_MOVE_EXTENDED
2025-11-27,BANKNIFTY,VWAP,PUT,NEUTRAL,0.131,11:45:00,11:50:00,59729.8,59849.26,0.0,119.46,1,15,15,59768.25,-561.75,-691.4,-0.08,NO_MOVE_EXTENDED
2025-11-27,BANKNIFTY,VWAP,PUT,NEUTRAL,0.131,13:10:00,13:15:00,59658.7,59778.02,0.0,119.32,1,15,15,59721.7,-930.0,-1059.58,-0.12,NO_MOVE_EXTENDED
2025-11-28,BANKNIFTY,SMC,CALL,NEUTRAL,-0.009,12:30:00,12:35:00,59829.05,59716.7,60053.74,112.35,1,15,15,59774.35,-835.5,-965.16,-0.11,NO_MOVE_TREND_LOST
2025-12-01,BANKNIFTY,ORB,PUT,BULLISH,0.622,11:40:00,11:45:00,59839.65,60019.32,59549.8,179.67,1,15,15,59688.3,2285.25,2155.72,0.24,Hard close (15:15)
2025-12-02,BANKNIFTY,ORB,CALL,BEARISH,-0.574,10:55:00,11:00:00,59624.85,59446.12,59984.88,178.73,1,15,15,59508.05,-1767.0,-1896.26,-0.21,NO_MOVE_TREND_LOST
2025-12-09,BANKNIFTY,ORB,CALL,BEARISH,-0.386,10:55:00,11:00:00,59207.65,59030.4,59390.58,177.25,1,15,15,59261.1,786.75,657.86,0.07,NO_MOVE_EXTENDED
2025-12-10,BANKNIFTY,VWAP,PUT,NEUTRAL,0.117,10:45:00,10:50:00,59302.55,59421.16,0.0,118.61,1,15,15,58965.45,5071.5,4943.05,0.56,Hard close (15:15)
2026-01-12,BANKNIFTY,VWAP,CALL,NEUTRAL,-0.088,12:10:00,12:15:00,59074.55,58956.4,0.0,118.15,1,15,15,59440.6,5475.75,5346.59,0.6,Hard close (15:15)
2026-01-19,BANKNIFTY,VWAP,CALL,NEUTRAL,-0.029,12:15:00,12:20:00,59829.0,59709.34,0.0,119.66,1,15,15,59797.9,-481.5,-611.2,-0.07,NO_MOVE_EXTENDED
2026-01-21,BANKNIFTY,ORB,PUT,BEARISH,-0.388,10:40:00,10:45:00,58760.1,58937.47,58635.6,177.37,1,15,15,58476.1,4275.0,4147.29,0.47,TP hit
2026-01-21,BANKNIFTY,ORB,PUT,BEARISH,-0.388,10:55:00,11:00:00,58529.15,58706.52,58412.09,177.37,1,15,15,58745.4,-3228.75,-3356.87,-0.38,SL hit
2026-01-22,BANKNIFTY,ORB,PUT,BULLISH,0.771,11:20:00,11:25:00,58999.7,59176.96,58358.6,177.26,1,15,15,59024.3,-354.0,-482.54,-0.05,NO_MOVE_TREND_LOST
2026-01-27,BANKNIFTY,ORB,CALL,NEUTRAL,-0.231,11:40:00,11:45:00,58835.7,58659.75,59440.85,175.95,1,15,15,58628.8,-3118.5,-3246.44,-0.37,SL hit
2026-02-01,BANKNIFTY,SMC,PUT,NEUTRAL,0.05,11:25:00,11:30:00,59758.8,59901.56,59473.29,142.76,1,15,15,59356.1,6055.5,5926.47,0.66,TP hit
2026-02-02,BANKNIFTY,VWAP,PUT,NEUTRAL,-0.196,13:15:00,13:20:00,58112.45,58228.67,0.0,116.22,1,15,15,58319.85,-3096.0,-3223.48,-0.37,SL hit
2026-02-10,BANKNIFTY,VWAP,PUT,NEUTRAL,0.122,13:15:00,13:20:00,60699.45,60820.85,0.0,121.4,1,15,15,60654.0,696.75,565.77,0.06,NO_MOVE_EXTENDED
2026-02-11,BANKNIFTY,SMC,PUT,NEUTRAL,0.163,11:05:00,11:10:00,60601.7,60732.01,60341.08,130.31,1,15,15,60736.35,-2004.75,-2135.85,-0.23,SL hit
2026-02-16,BANKNIFTY,ORB,CALL,BEARISH,-0.369,11:25:00,11:30:00,60407.45,60226.49,61005.98,180.96,1,15,15,60931.4,7844.25,7712.85,0.85,Hard close (15:15)
2026-02-17,BANKNIFTY,ORB,CALL,NEUTRAL,-0.282,10:40:00,10:45:00,60968.3,60785.64,61375.25,182.66,1,15,15,61174.3,3075.0,2943.24,0.32,Hard close (15:15)
2026-02-19,BANKNIFTY,ORB,PUT,BULLISH,0.845,10:35:00,10:40:00,61288.45,61472.69,61017.8,184.24,1,15,15,61171.6,1767.75,1635.99,0.18,NO_MOVE_EXTENDED
2026-02-24,BANKNIFTY,SMC,PUT,NEUTRAL,0.191,11:40:00,11:45:00,61329.6,61472.45,61043.9,142.85,1,15,15,61043.15,4311.75,4180.19,0.45,TP hit
2026-02-24,BANKNIFTY,SMC,CALL,NEUTRAL,0.191,13:35:00,13:40:00,60928.25,60765.29,61254.16,162.96,1,15,15,61045.15,1738.5,1606.93,0.18,Hard close (15:15)
2026-03-05,BANKNIFTY,VWAP,CALL,BULLISH,0.423,10:35:00,10:40:00,58961.6,58843.68,0.0,117.92,1,15,15,58976.7,211.5,83.04,0.01,NO_MOVE_TREND_LOST
2026-03-06,BANKNIFTY,SMC,CALL,BEARISH,-0.578,12:05:00,12:10:00,58366.5,58254.48,58590.54,112.02,1,15,15,58235.35,-1982.25,-2109.6,-0.24,SL hit
2026-03-09,BANKNIFTY,VWAP,CALL,BEARISH,-2.875,10:50:00,10:55:00,55679.35,55567.99,0.0,111.36,1,15,15,56057.5,5657.25,5533.16,0.66,Hard close (15:15)
2026-03-10,BANKNIFTY,ORB,CALL,BULLISH,1.045,10:50:00,10:55:00,56818.05,56647.81,57283.33,170.24,1,15,15,56973.2,2312.25,2186.79,0.26,Hard close (15:15)
2026-03-11,BANKNIFTY,ORB,PUT,BEARISH,-0.371,10:35:00,10:40:00,56391.75,56561.57,56105.28,169.82,1,15,15,56065.6,4907.25,4783.15,0.57,TP hit
2026-03-11,BANKNIFTY,SMC,CALL,BEARISH,-0.371,12:40:00,12:45:00,56123.05,55971.83,56425.5,151.22,1,15,15,55952.25,-2577.0,-2700.93,-0.32,SL hit
2026-03-12,BANKNIFTY,ORB,CALL,BEARISH,-1.182,10:55:00,11:00:00,55296.65,55131.45,55527.55,165.2,1,15,15,55126.65,-2565.0,-2687.69,-0.32,SL hit
2026-03-13,BANKNIFTY,ORB,PUT,BEARISH,-0.982,10:50:00,10:55:00,54142.9,54305.98,53833.38,163.08,1,15,15,54213.95,-1050.75,-1172.07,-0.14,NO_MOVE_TREND_LOST
2026-03-18,BANKNIFTY,ORB,CALL,NEUTRAL,0.161,11:25:00,11:30:00,55158.75,54993.42,55554.05,165.33,1,15,15,55155.65,-61.5,-184.23,-0.02,NO_MOVE_EXTENDED
2026-03-23,BANKNIFTY,ORB,PUT,BEARISH,-1.642,10:50:00,10:55:00,51659.4,51815.61,51174.05,156.21,1,15,15,51609.9,757.5,640.09,0.08,NO_MOVE_EXTENDED
2026-03-24,BANKNIFTY,SMC,PUT,BULLISH,1.825,12:25:00,12:30:00,52221.5,52454.93,51754.63,233.43,1,15,15,52471.05,-3728.25,-3846.96,-0.49,SL hit
2026-03-25,BANKNIFTY,ORB,CALL,BULLISH,0.529,10:40:00,10:45:00,53851.0,53689.91,54701.38,161.09,1,15,15,53676.15,-2637.75,-2758.26,-0.34,SL hit
2026-03-27,BANKNIFTY,ORB,PUT,BEARISH,-0.83,11:25:00,11:30:00,52455.65,52613.74,51801.25,158.09,1,15,15,52615.65,-2385.0,-2503.92,-0.32,SL hit
2026-04-01,BANKNIFTY,ORB,PUT,BULLISH,2.045,11:20:00,11:25:00,51343.15,51497.41,50841.12,154.26,1,15,15,51606.8,-3939.75,-4057.16,-0.53,SL hit
2026-04-07,BANKNIFTY,VWAP,PUT,BEARISH,-0.621,12:55:00,13:00:00,52095.0,52199.19,0.0,104.19,1,15,15,52239.8,-2157.0,-2275.36,-0.29,SL hit
2026-04-08,BANKNIFTY,ORB,CALL,BULLISH,4.171,11:50:00,11:55:00,55358.4,55192.71,55879.62,165.69,1,15,15,55428.4,1035.0,911.86,0.11,NO_MOVE_EXTENDED
2026-04-13,BANKNIFTY,ORB,CALL,BEARISH,-2.295,11:35:00,11:40:00,54990.2,54825.66,55585.95,164.54,1,15,15,55668.05,10152.75,10029.25,1.22,TP hit
2026-04-15,BANKNIFTY,VWAP,PUT,BULLISH,1.388,10:35:00,10:40:00,56457.7,56570.62,0.0,112.92,1,15,15,56317.2,2122.5,1998.02,0.24,Trail SL
2026-04-16,BANKNIFTY,ORB,PUT,BULLISH,0.708,11:45:00,11:50:00,56257.15,56426.62,55975.63,169.47,1,15,15,55974.85,4249.5,4125.54,0.49,TP hit
2026-04-17,BANKNIFTY,ORB,CALL,NEUTRAL,0.064,11:50:00,11:55:00,56346.7,56178.02,56807.15,168.68,1,15,15,56347.6,-1.5,-126.02,-0.01,NO_MOVE_EXTENDED
2026-04-20,BANKNIFTY,SMC,PUT,NEUTRAL,0.139,11:05:00,11:10:00,56944.85,57089.42,56655.72,144.57,1,15,15,56981.7,-537.75,-663.22,-0.08,NO_MOVE_TREND_LOST
2026-04-21,BANKNIFTY,ORB,CALL,BULLISH,0.482,10:30:00,10:35:00,57233.95,57062.67,57689.55,171.28,1,15,15,57209.2,-386.25,-512.06,-0.06,NO_MOVE_TREND_LOST
2026-04-22,BANKNIFTY,VWAP,CALL,BEARISH,-0.329,10:35:00,10:40:00,57223.4,57108.95,0.0,114.45,1,15,15,57108.0,-1746.0,-1871.66,-0.22,SL hit
2026-04-27,BANKNIFTY,ORB,PUT,NEUTRAL,0.117,11:35:00,11:40:00,55959.65,56128.07,55633.58,168.42,1,15,15,56176.4,-3236.25,-3360.51,-0.4,SL hit
2026-04-29,BANKNIFTY,ORB,CALL,BULLISH,0.395,11:00:00,11:05:00,55779.0,55611.93,56222.57,167.07,1,15,15,55544.45,-3533.25,-3656.57,-0.44,SL hit
