date,index,direction,or_high,or_low,or_range_pct,breakout_time,breakout_price,entry_premium,exit_premium,lots,lot_size,quantity,gross_pnl,net_pnl,pnl_pct,exit_reason,dte
2024-01-01,BANKNIFTY,CALL,48282.35,48134.9,0.003063265946329941,11:00:00,48332.5,214.66,215.62,3,15,45,-136.81,-179.7,-1.86,Hard close,2
2024-01-09,BANKNIFTY,CALL,47798.05,47635.0,0.003422903327385387,10:30:00,47882.75,150.38,116.96,3,15,45,-1684.08,-1725.63,-25.5,SL hit,1
2024-01-15,BANKNIFTY,CALL,48097.9,47830.05,0.005600035960656502,12:15:00,48163.2,213.91,162.02,3,15,45,-2514.98,-2557.14,-26.57,SL hit,2
2024-01-16,BANKNIFTY,CALL,48204.15,48031.2,0.003600784490081538,10:30:00,48259.5,151.56,115.13,3,15,45,-1819.44,-1860.96,-27.29,SL hit,1
2024-01-17,BANKNIFTY,PUT,47212.75,46534.3,0.014579568189485971,11:30:00,46380.85,385.38,484.91,1,15,15,1433.02,1390.85,24.06,Hard close,7
2024-01-18,BANKNIFTY,CALL,45824.1,45430.7,0.008659342691175824,10:30:00,45903.2,353.12,204.47,1,15,15,-2289.76,-2330.67,-44.0,SL hit,6
2024-01-20,BANKNIFTY,PUT,46069.0,45895.1,0.0037890755222235372,10:00:00,45840.05,287.93,201.5,2,15,30,-2713.02,-2754.82,-31.89,SL hit,4
2024-01-23,BANKNIFTY,PUT,46580.3,46346.9,0.0050359355210381155,10:00:00,45993.7,144.45,225.09,3,15,45,3448.87,3405.86,52.4,Target hit,1
2024-01-24,BANKNIFTY,CALL,44928.95,44489.4,0.00987988149986279,10:00:00,45261.95,376.09,209.08,1,15,15,-2565.09,-2606.03,-46.2,SL hit,7
2024-01-25,BANKNIFTY,PUT,45136.1,44891.65,0.005445333374914869,10:00:00,44824.35,344.82,370.55,1,15,15,325.96,284.3,5.5,Hard close,6
2024-01-29,BANKNIFTY,CALL,45347.95,45110.9,0.005254827547222415,10:00:00,45463.9,201.92,142.91,3,15,45,-2835.45,-2877.35,-31.67,SL hit,2
2024-01-30,BANKNIFTY,PUT,45678.7,45398.0,0.006183091766157035,10:00:00,45351.35,142.43,105.41,3,15,45,-1845.87,-1887.27,-29.45,SL hit,1
2024-01-31,BANKNIFTY,CALL,45330.5,45071.2,0.00575311950868854,10:00:00,45824.45,380.76,388.23,1,15,15,52.12,10.38,0.18,Hard close,7
2024-02-02,BANKNIFTY,CALL,46699.6,46501.1,0.004268716223917284,11:30:00,46808.25,328.71,160.56,1,15,15,-2582.3,-2623.01,-53.2,SL hit,5
2024-02-07,BANKNIFTY,PUT,46062.85,45921.25,0.003083539755559758,10:15:00,45870.15,381.14,349.23,1,15,15,-538.6,-580.16,-10.15,Hard close,7
2024-02-09,BANKNIFTY,CALL,45153.4,44859.15,0.006559419873091665,10:00:00,45348.0,318.45,239.7,1,15,15,-1241.2,-1282.27,-26.84,SL hit,5
2024-02-12,BANKNIFTY,PUT,45748.5,45523.55,0.004941398462993266,10:00:00,45376.35,201.53,341.12,2,15,30,4067.81,4024.76,66.57,Target hit,2
2024-02-13,BANKNIFTY,CALL,45074.15,44840.6,0.0052084494855109634,10:00:00,45402.5,142.59,71.95,3,15,45,-3358.96,-3399.91,-52.99,SL hit,1
2024-02-14,BANKNIFTY,CALL,45140.1,44880.75,0.005778646747213416,10:00:00,45255.9,376.04,568.12,1,15,15,2821.25,2778.71,49.26,Target hit,7
2024-02-21,BANKNIFTY,PUT,47363.4,47114.0,0.005293543320456795,10:15:00,47025.95,390.74,295.62,1,15,15,-1486.83,-1528.16,-26.07,SL hit,7
2024-02-22,BANKNIFTY,PUT,47024.05,46861.7,0.0034644496465131617,10:00:00,46652.0,358.88,268.29,1,15,15,-1418.78,-1459.97,-27.12,SL hit,6
2024-02-23,BANKNIFTY,CALL,47103.9,46927.9,0.0037504341766838064,10:00:00,47173.35,331.27,236.09,1,15,15,-1487.63,-1528.68,-30.76,SL hit,5
2024-02-27,BANKNIFTY,CALL,46569.3,46427.65,0.003050983627213556,12:45:00,46616.8,146.4,116.94,3,15,45,-1505.54,-1547.09,-23.48,SL hit,1
2024-03-01,BANKNIFTY,CALL,46536.5,46218.0,0.0068912544895928,10:00:00,46604.9,327.28,499.01,1,15,15,2515.88,2473.64,50.39,Target hit,5
2024-03-04,BANKNIFTY,PUT,47461.15,47306.85,0.003261684090147683,10:45:00,47242.4,209.82,164.83,2,15,30,-1469.58,-1511.04,-24.01,SL hit,2
2024-03-05,BANKNIFTY,CALL,47350.05,47196.75,0.0032481050072304322,11:45:00,47401.3,148.87,294.41,3,15,45,6369.3,6325.35,94.42,Target hit,1
2024-03-06,BANKNIFTY,CALL,47599.45,47442.25,0.0033135022053127137,10:00:00,48016.75,398.98,315.08,1,15,15,-1318.51,-1359.92,-22.72,SL hit,7
2024-03-07,BANKNIFTY,PUT,48071.7,47907.4,0.0034295328070401573,10:30:00,47832.8,367.96,289.7,1,15,15,-1233.96,-1275.26,-23.1,SL hit,6
2024-03-11,BANKNIFTY,PUT,47853.8,47666.55,0.00392833129311855,10:00:00,47599.85,211.41,317.69,2,15,30,3068.35,3025.5,47.7,Target hit,2
2024-03-12,BANKNIFTY,CALL,47382.4,47209.75,0.003657083547360481,10:00:00,47728.75,149.89,0.1,3,15,45,-6830.55,-6870.55,-101.86,SL hit,1
2024-03-14,BANKNIFTY,CALL,46856.85,46565.55,0.006255697613364292,10:30:00,46982.15,361.42,267.24,1,15,15,-1472.75,-1513.95,-27.93,SL hit,6
2024-03-15,BANKNIFTY,PUT,46802.55,46533.7,0.005777533271586094,10:15:00,46379.2,325.7,239.04,1,15,15,-1359.86,-1400.92,-28.68,SL hit,5
2024-03-18,BANKNIFTY,PUT,46677.85,46439.8,0.005125991068006228,10:00:00,46374.25,205.97,160.47,2,15,30,-1484.89,-1526.32,-24.7,SL hit,2
2024-03-19,BANKNIFTY,PUT,46599.9,46412.2,0.004044195276242117,10:15:00,46365.05,145.61,97.36,3,15,45,-2351.13,-2392.42,-36.51,SL hit,1
2024-03-20,BANKNIFTY,PUT,46523.35,46328.8,0.004199331733176677,10:00:00,46137.05,383.36,298.83,1,15,15,-1328.01,-1369.35,-23.81,SL hit,7
2024-03-21,BANKNIFTY,CALL,46849.55,46674.85,0.0037429150816768427,10:00:00,46951.45,361.18,274.2,1,15,15,-1364.64,-1405.87,-25.95,SL hit,6
2024-03-22,BANKNIFTY,CALL,46744.65,46566.8,0.0038192446120411654,10:00:00,46848.05,328.99,278.48,1,15,15,-817.59,-858.84,-17.4,Hard close,5
2024-03-28,BANKNIFTY,CALL,47089.75,46827.85,0.005592825636880648,10:00:00,47161.45,362.8,310.07,1,15,15,-850.94,-892.33,-16.4,Hard close,6
2024-04-03,BANKNIFTY,CALL,47451.5,47279.8,0.003631572045566967,10:15:00,47510.7,394.77,374.35,1,15,15,-366.31,-407.99,-6.89,Hard close,7
2024-04-04,BANKNIFTY,PUT,48254.65,47933.4,0.006702007368557206,10:00:00,47772.4,367.5,274.72,1,15,15,-1451.75,-1492.98,-27.08,SL hit,6
2024-04-05,BANKNIFTY,CALL,48104.65,47894.5,0.00438776895050583,10:30:00,48157.4,338.18,394.64,1,15,15,786.95,745.19,14.69,Hard close,5
2024-04-09,BANKNIFTY,CALL,48812.15,48621.85,0.003913878225530351,10:30:00,48899.9,153.57,113.57,2,15,30,-1320.12,-1361.13,-29.54,SL hit,1
2024-04-12,BANKNIFTY,PUT,48882.65,48669.0,0.004389858020505896,12:30:00,48613.85,305.35,281.96,1,15,15,-410.84,-452.1,-9.87,Hard close,4
2024-04-18,BANKNIFTY,PUT,47829.75,47578.35,0.005283915898722874,10:15:00,47519.45,365.55,252.86,1,15,15,-1750.34,-1791.47,-32.67,SL hit,6
2024-04-19,BANKNIFTY,CALL,46827.75,46579.05,0.005339310269316293,10:00:00,46903.75,329.38,566.9,1,15,15,3502.77,3460.22,70.04,Target hit,5
2024-04-22,BANKNIFTY,PUT,48146.3,47824.35,0.006731926309505605,10:00:00,47750.45,212.08,165.65,2,15,30,-1513.02,-1554.5,-24.43,SL hit,2
2024-04-25,BANKNIFTY,CALL,48075.4,47737.2,0.0070846216367948765,10:00:00,48302.45,371.58,276.68,1,15,15,-1483.44,-1524.68,-27.35,SL hit,6
2024-04-26,BANKNIFTY,PUT,48663.95,48466.05,0.004083270660596318,10:30:00,48408.95,339.95,271.48,1,15,15,-1087.1,-1128.31,-22.13,SL hit,5
2024-04-30,BANKNIFTY,CALL,49509.7,49354.35,0.003147645546947707,10:15:00,49563.25,155.66,124.19,2,15,30,-1064.23,-1105.33,-23.67,SL hit,1
2024-05-03,BANKNIFTY,PUT,49607.75,49373.2,0.004750552931549969,10:00:00,49253.7,345.88,519.95,1,15,15,2551.11,2508.78,48.36,Target hit,5
2024-05-07,BANKNIFTY,PUT,49023.5,48875.35,0.003031180339373559,10:00:00,48598.05,152.62,240.04,2,15,30,2502.58,2460.44,53.74,Target hit,1
2024-05-08,BANKNIFTY,PUT,48223.05,48038.45,0.0038427551263624416,10:15:00,47903.9,398.04,286.12,1,15,15,-1738.78,-1780.05,-29.81,SL hit,7
2024-05-09,BANKNIFTY,PUT,48258.65,47964.85,0.0061253188532853315,10:15:00,47842.45,368.04,417.33,1,15,15,679.42,637.55,11.55,Hard close,6
2024-05-10,BANKNIFTY,CALL,47620.1,47362.7,0.005434656385721284,10:00:00,47790.85,335.61,239.72,1,15,15,-1498.42,-1539.49,-30.58,SL hit,5
2024-05-13,BANKNIFTY,PUT,47508.55,47237.05,0.005747607016102826,10:00:00,47128.05,209.31,116.9,2,15,30,-2892.23,-2933.26,-46.71,SL hit,2
2024-05-17,BANKNIFTY,CALL,47981.6,47799.55,0.0038086132610034118,10:15:00,48066.25,337.54,288.43,1,15,15,-796.72,-838.01,-16.55,Hard close,5
2024-05-22,BANKNIFTY,PUT,48114.05,47869.8,0.00510238187750941,10:00:00,47801.9,397.19,416.31,1,15,15,226.82,184.95,3.1,Hard close,7
2024-05-23,BANKNIFTY,CALL,48032.15,47873.15,0.0033212771668461338,10:00:00,48190.1,370.71,560.8,1,15,15,2791.38,2748.86,49.43,Target hit,6
2024-05-27,BANKNIFTY,CALL,49219.0,49051.25,0.003419892459417446,10:15:00,49283.15,218.89,371.62,1,15,15,2231.0,2189.34,66.68,Target hit,2
2024-05-28,BANKNIFTY,PUT,49511.15,49331.45,0.0036427066303545584,11:15:00,49224.1,154.59,121.15,2,15,30,-1123.12,-1164.2,-25.1,SL hit,1
2024-05-29,BANKNIFTY,PUT,49022.6,48770.95,0.005159833876518737,10:00:00,48705.85,404.7,444.94,1,15,15,543.58,501.59,8.26,Hard close,7
2024-05-31,BANKNIFTY,PUT,49079.05,48874.5,0.004185209055847178,10:00:00,48719.5,342.13,251.42,1,15,15,-1420.61,-1461.73,-28.48,SL hit,5
2024-06-05,BANKNIFTY,PUT,47502.0,46760.5,0.015857401011537514,10:15:00,46505.95,386.42,233.06,1,15,15,-2360.43,-2401.47,-41.43,SL hit,7
2024-06-06,BANKNIFTY,CALL,49438.55,49063.75,0.007639041043540351,10:15:00,49593.0,381.51,275.2,1,15,15,-1654.72,-1695.95,-29.64,SL hit,6
2024-06-07,BANKNIFTY,CALL,49454.3,49080.45,0.00761708582541533,10:30:00,49580.3,348.18,399.52,1,15,15,710.11,668.32,12.8,Hard close,5
2024-06-11,BANKNIFTY,CALL,49766.9,49530.45,0.0047738310473659,10:00:00,49861.4,156.59,106.65,2,15,30,-1618.32,-1659.26,-35.32,SL hit,1
2024-06-12,BANKNIFTY,CALL,49857.45,49697.35,0.003221499737913562,10:00:00,50162.9,416.81,315.25,1,15,15,-1583.35,-1624.75,-25.99,SL hit,7
2024-06-13,BANKNIFTY,PUT,50186.45,50024.15,0.0032444329388904287,10:15:00,49883.9,383.74,300.89,1,15,15,-1302.68,-1344.02,-23.35,SL hit,6
2024-06-18,BANKNIFTY,CALL,50204.75,49900.2,0.006103181951174603,11:15:00,50283.55,157.92,183.27,2,15,30,640.64,599.01,12.64,Hard close,1
2024-06-19,BANKNIFTY,CALL,50897.9,50441.75,0.009043104174617286,10:00:00,51091.6,424.53,239.76,1,15,15,-2831.54,-2872.61,-45.11,SL hit,7
2024-06-20,BANKNIFTY,PUT,51798.0,51495.45,0.005875276359367729,10:00:00,51337.1,394.92,308.99,1,15,15,-1348.91,-1390.29,-23.47,SL hit,6
2024-06-21,BANKNIFTY,PUT,51934.35,51623.6,0.006019533701640335,10:00:00,51500.3,361.66,256.66,1,15,15,-1634.98,-1676.13,-30.9,SL hit,5
2024-06-24,BANKNIFTY,CALL,51394.75,51237.65,0.003066104710110603,10:30:00,51477.6,228.63,248.6,1,15,15,239.56,198.45,5.79,Hard close,2
2024-06-25,BANKNIFTY,CALL,51966.5,51747.65,0.004229177556855211,10:00:00,52084.2,163.57,125.79,2,15,30,-1253.39,-1294.5,-26.38,SL hit,1
2024-06-26,BANKNIFTY,PUT,52701.7,52510.75,0.0036363982613083433,10:00:00,52399.3,435.39,317.92,1,15,15,-1822.08,-1863.5,-28.53,SL hit,7
2024-06-27,BANKNIFTY,CALL,52980.3,52639.0,0.0064837857862042,10:00:00,53100.1,408.48,220.51,1,15,15,-2879.51,-2920.49,-47.66,SL hit,6
2024-07-01,BANKNIFTY,CALL,52417.55,52166.05,0.004821143253131107,11:15:00,52578.85,233.52,169.0,1,15,15,-1027.77,-1068.52,-30.5,SL hit,2
2024-07-02,BANKNIFTY,PUT,52828.45,52438.25,0.007441133142314953,10:00:00,52256.55,164.11,116.54,1,15,15,-773.61,-814.12,-33.07,SL hit,1
2024-07-03,BANKNIFTY,CALL,52954.15,52482.65,0.008983921353056677,10:00:00,53074.4,441.0,345.1,1,15,15,-1498.55,-1540.1,-23.28,SL hit,7
2024-07-04,BANKNIFTY,PUT,53357.7,53044.5,0.005904476430167069,10:30:00,52911.9,407.04,324.65,1,15,15,-1295.82,-1337.27,-21.9,SL hit,6
2024-07-05,BANKNIFTY,PUT,52817.85,52506.5,0.005929742031938875,10:00:00,52385.8,367.88,250.68,1,15,15,-1818.06,-1859.18,-33.69,SL hit,5
2024-07-10,BANKNIFTY,PUT,52528.8,52175.2,0.006777166163234752,12:30:00,52113.1,400.89,347.01,1,15,15,-868.19,-909.74,-15.13,Hard close,6
2024-07-11,BANKNIFTY,PUT,52400.3,52169.7,0.004420190263697239,10:15:00,51857.95,364.17,282.34,1,15,15,-1287.47,-1328.73,-24.32,SL hit,5
2024-07-12,BANKNIFTY,CALL,52482.25,52193.8,0.005526518475374414,10:45:00,52594.0,330.35,247.96,1,15,15,-1295.9,-1337.01,-26.98,SL hit,4
2024-07-18,BANKNIFTY,CALL,52384.45,52168.65,0.004136583944571992,10:00:00,52608.0,404.7,267.8,1,15,15,-2113.45,-2154.64,-35.49,SL hit,6
2024-07-19,BANKNIFTY,PUT,52586.75,52339.95,0.004715327393320073,10:45:00,52229.8,366.78,290.16,1,15,15,-1209.31,-1250.61,-22.73,SL hit,5
2024-07-22,BANKNIFTY,CALL,52229.3,51874.55,0.006838613539780104,10:00:00,52365.45,232.58,180.01,1,15,15,-848.58,-889.39,-25.49,SL hit,2
2024-07-23,BANKNIFTY,PUT,52547.55,52275.65,0.005201274398309757,10:00:00,52219.95,164.0,90.67,1,15,15,-1160.01,-1200.41,-48.8,SL hit,1
2024-07-24,BANKNIFTY,PUT,51831.1,51526.55,0.00591054514614302,10:15:00,51392.75,427.03,296.2,1,15,15,-2022.38,-2063.7,-32.22,SL hit,7
2024-07-25,BANKNIFTY,PUT,51006.1,50702.25,0.0059928306929179385,10:00:00,50636.05,389.53,294.97,1,15,15,-1478.45,-1519.77,-26.01,SL hit,6
2024-07-26,BANKNIFTY,CALL,50876.4,50438.3,0.00868585975340165,11:45:00,50960.15,357.87,483.07,1,15,15,1818.0,1775.83,33.08,Hard close,5
2024-07-29,BANKNIFTY,CALL,51849.4,51433.9,0.008078329661954469,10:45:00,52097.55,231.39,83.8,1,15,15,-2273.9,-2314.27,-66.68,SL hit,2
2024-07-30,BANKNIFTY,CALL,51501.9,51260.05,0.0047180991825017445,10:15:00,51590.85,162.02,252.67,1,15,15,1299.74,1258.61,51.79,Target hit,1
2024-08-02,BANKNIFTY,CALL,51347.05,51087.85,0.005073613393399886,10:30:00,51407.65,361.01,291.85,1,15,15,-1097.36,-1138.67,-21.03,Hard close,5
2024-08-05,BANKNIFTY,PUT,50747.55,50361.1,0.007673581395164212,10:30:00,50247.95,223.17,380.32,1,15,15,2297.23,2255.53,67.38,Target hit,2
2024-08-06,BANKNIFTY,PUT,50688.8,50395.95,0.005810982826993158,10:00:00,50263.75,157.86,302.5,1,15,15,2109.67,2068.32,87.35,Target hit,1
2024-08-07,BANKNIFTY,PUT,50292.45,50096.9,0.003903435142693373,10:00:00,49836.2,414.09,305.93,1,15,15,-1682.45,-1723.82,-27.75,SL hit,7
2024-08-08,BANKNIFTY,CALL,50185.55,49956.6,0.004582978024925723,11:45:00,50254.6,386.6,275.8,1,15,15,-1721.99,-1763.22,-30.41,SL hit,6
2024-08-12,BANKNIFTY,CALL,50460.15,50201.2,0.005158243229245603,10:30:00,50587.55,224.68,175.3,1,15,15,-800.68,-841.46,-24.97,SL hit,2
2024-08-13,BANKNIFTY,PUT,50559.25,50387.0,0.0034185404965566516,10:15:00,50266.15,157.86,124.16,1,15,15,-565.53,-606.08,-25.6,SL hit,1
2024-08-16,BANKNIFTY,PUT,50290.3,50054.35,0.004713876016769859,10:00:00,49981.8,351.0,268.95,1,15,15,-1290.69,-1331.89,-25.3,SL hit,5
2024-08-19,BANKNIFTY,PUT,50728.25,50556.65,0.003394212235185649,10:00:00,50406.55,223.88,135.58,1,15,15,-1384.47,-1425.07,-42.44,SL hit,2
2024-08-21,BANKNIFTY,PUT,50764.45,50552.5,0.004192670985608962,11:00:00,50414.0,418.89,298.14,1,15,15,-1871.28,-1912.61,-30.44,SL hit,7
2024-08-29,BANKNIFTY,CALL,51192.5,51028.7,0.003209958317574285,10:00:00,51260.2,394.33,313.87,1,15,15,-1266.9,-1308.3,-22.12,SL hit,6
2024-09-02,BANKNIFTY,PUT,51579.5,51368.3,0.004111485098786549,11:45:00,51312.7,227.9,107.26,1,15,15,-1869.57,-1910.05,-55.87,SL hit,2
2024-09-06,BANKNIFTY,PUT,51380.05,51178.45,0.003939157985441252,10:00:00,50987.5,358.06,515.12,1,15,15,2295.87,2253.56,41.96,Hard close,5
2024-09-09,BANKNIFTY,CALL,50582.85,50369.4,0.0042376919320062795,10:30:00,50772.95,225.5,167.27,1,15,15,-933.48,-974.23,-28.8,SL hit,2
2024-09-11,BANKNIFTY,CALL,51218.55,51047.8,0.0033449041878396324,10:15:00,51286.95,426.15,339.48,1,15,15,-1360.01,-1401.52,-21.93,SL hit,7
2024-09-18,BANKNIFTY,CALL,52358.55,52154.55,0.0039114516374889625,10:00:00,52442.5,435.75,482.97,1,15,15,648.29,606.13,9.27,Hard close,7
2024-09-20,BANKNIFTY,CALL,53314.7,53037.6,0.005224595381389779,10:15:00,53368.05,374.78,240.76,1,15,15,-2070.31,-2111.38,-37.56,SL hit,5
2024-09-23,BANKNIFTY,CALL,53917.9,53741.4,0.0032842464096581032,12:30:00,53976.5,239.73,282.7,1,15,15,584.52,543.25,15.11,Hard close,2
2024-09-26,BANKNIFTY,CALL,54177.65,54010.9,0.003087339777711536,12:00:00,54233.9,380.86,411.08,1,15,15,393.25,351.41,6.15,Hard close,5
2024-09-27,BANKNIFTY,PUT,54338.7,54172.6,0.003066125679771666,12:30:00,54098.25,339.8,435.91,1,15,15,1381.63,1339.68,26.28,Hard close,4
2024-09-30,BANKNIFTY,PUT,53726.4,53420.7,0.005722500828330673,10:00:00,53240.85,167.21,265.23,1,15,15,1410.29,1369.11,54.59,Target hit,1
2024-10-03,BANKNIFTY,PUT,52582.95,52300.5,0.005400521983537386,11:15:00,52228.9,401.78,508.06,1,15,15,1534.21,1491.93,24.76,Hard close,6
2024-10-04,BANKNIFTY,CALL,51932.5,51643.75,0.00559118964056638,10:30:00,52041.15,365.46,226.48,1,15,15,-2144.68,-2185.69,-39.87,SL hit,5
2024-10-07,BANKNIFTY,PUT,51784.8,51539.8,0.004753607891377149,10:30:00,51471.85,228.61,349.84,1,15,15,1758.48,1716.91,50.07,Target hit,2
2024-10-08,BANKNIFTY,CALL,50847.85,50466.0,0.007566480402647298,10:15:00,50930.25,159.95,160.41,1,15,15,-53.07,-93.79,-3.91,Hard close,1
2024-10-09,BANKNIFTY,CALL,51231.6,51003.15,0.00447913511224301,10:00:00,51603.5,428.78,225.31,1,15,15,-3112.06,-3153.06,-49.02,SL hit,7
2024-10-10,BANKNIFTY,CALL,51264.6,51047.0,0.004262738260818433,10:00:00,51374.3,395.21,312.07,1,15,15,-1307.07,-1348.46,-22.75,SL hit,6
2024-10-11,BANKNIFTY,PUT,51560.0,51301.9,0.005031002750385435,10:45:00,51246.35,359.88,325.44,1,15,15,-576.56,-618.01,-11.45,Hard close,5
2024-10-14,BANKNIFTY,CALL,51416.15,51220.85,0.003812900410672664,10:00:00,51617.2,229.25,264.91,1,15,15,474.83,433.65,12.61,Hard close,2
2024-10-17,BANKNIFTY,PUT,51930.2,51715.8,0.004145734959141968,10:00:00,51401.0,395.41,372.17,1,15,15,-408.54,-450.21,-7.59,Hard close,6
2024-10-18,BANKNIFTY,CALL,51381.05,51000.9,0.0074537900311563415,10:00:00,51555.3,362.05,575.03,1,15,15,3134.75,3092.17,56.94,Target hit,5
2024-10-21,BANKNIFTY,PUT,52577.5,52272.55,0.005833845871303334,10:00:00,52155.1,231.64,242.15,1,15,15,97.59,56.51,1.63,Hard close,2
2024-10-22,BANKNIFTY,PUT,52082.05,51853.95,0.004398893430490943,10:15:00,51758.6,162.55,74.47,1,15,15,-1381.13,-1421.46,-58.3,SL hit,1
2024-10-24,BANKNIFTY,CALL,51494.7,51272.3,0.004337624799355484,10:00:00,51647.55,397.31,297.67,1,15,15,-1554.61,-1595.94,-26.78,SL hit,6
2024-10-25,BANKNIFTY,PUT,51501.05,51287.65,0.0041608457396664,10:00:00,50641.35,355.63,232.2,1,15,15,-1911.43,-1952.46,-36.6,SL hit,5
2024-10-28,BANKNIFTY,CALL,51371.75,51012.55,0.00704140451712367,10:00:00,51423.65,228.39,177.87,1,15,15,-817.86,-858.65,-25.06,SL hit,2
2024-10-29,BANKNIFTY,CALL,51522.25,51293.9,0.004451796412438877,11:30:00,51690.8,162.34,120.64,1,15,15,-685.47,-726.01,-29.81,SL hit,1
2024-10-30,BANKNIFTY,PUT,52220.0,51946.65,0.00526212951172017,10:15:00,51822.15,430.6,291.34,1,15,15,-2148.93,-2190.23,-33.91,SL hit,7
2024-10-31,BANKNIFTY,PUT,51876.45,51649.45,0.004395012918821013,12:15:00,51461.55,395.88,388.89,1,15,15,-164.85,-206.6,-3.48,Hard close,6
2024-11-04,BANKNIFTY,PUT,51764.5,51316.45,0.008731118384065985,10:45:00,51249.7,227.62,207.64,1,15,15,-359.72,-400.65,-11.73,Hard close,2
2024-11-05,BANKNIFTY,CALL,51279.75,51050.0,0.0045004897159647405,10:15:00,51410.7,161.46,5.25,1,15,15,-2403.19,-2443.2,-100.88,SL hit,1
2024-11-07,BANKNIFTY,PUT,52377.25,52025.75,0.006756269731815495,10:00:00,51835.45,398.76,279.67,1,15,15,-1846.4,-1887.65,-31.56,SL hit,6
2024-11-08,BANKNIFTY,PUT,51909.05,51609.05,0.005812933971851836,11:45:00,51522.8,361.82,284.42,1,15,15,-1221.02,-1262.3,-23.26,SL hit,5
2024-11-11,BANKNIFTY,CALL,51568.7,51294.2,0.005351482233858799,10:15:00,51746.9,229.83,358.78,1,15,15,1874.19,1832.58,53.16,Target hit,2
2024-11-12,BANKNIFTY,PUT,52097.55,51886.9,0.0040597915851592874,10:30:00,51704.25,162.38,121.52,1,15,15,-672.97,-713.51,-29.29,SL hit,1
2024-11-13,BANKNIFTY,PUT,51290.6,50971.3,0.0062643095232021865,10:00:00,50895.6,422.9,711.51,1,15,15,4269.22,4226.02,66.62,Target hit,7
2024-11-14,BANKNIFTY,CALL,50416.3,50049.25,0.007333776230413101,10:00:00,50471.5,388.26,294.27,1,15,15,-1469.85,-1511.16,-25.95,SL hit,6
2024-11-18,BANKNIFTY,CALL,50344.1,50150.65,0.003857377720926789,12:15:00,50434.3,224.0,170.91,1,15,15,-856.38,-897.14,-26.7,SL hit,2
2024-11-19,BANKNIFTY,CALL,50616.15,50449.45,0.0033042976682600973,10:00:00,50780.05,159.48,34.15,1,15,15,-1939.89,-1980.03,-82.77,SL hit,1
2024-11-21,BANKNIFTY,PUT,50652.15,50140.75,0.010199289001460917,10:00:00,50026.05,384.84,301.58,1,15,15,-1308.88,-1350.22,-23.39,SL hit,6
2024-11-22,BANKNIFTY,CALL,50917.65,50508.25,0.008105606509827631,12:30:00,51002.85,358.17,403.79,1,15,15,624.28,582.47,10.84,Hard close,5
2024-11-26,BANKNIFTY,PUT,52555.5,52245.95,0.005924861161487214,10:15:00,52081.45,163.56,130.16,1,15,15,-560.99,-601.57,-24.52,SL hit,1
2024-11-27,BANKNIFTY,CALL,52295.75,52071.95,0.004297899348881748,12:15:00,52394.7,435.35,352.17,1,15,15,-1307.74,-1349.32,-20.66,Hard close,7
2024-11-28,BANKNIFTY,CALL,52540.0,52364.3,0.0033553394201774316,10:00:00,52706.85,405.46,162.82,1,15,15,-3699.53,-3740.25,-61.5,SL hit,6
2024-12-03,BANKNIFTY,CALL,52427.35,52216.85,0.004031265769574381,10:00:00,52515.2,164.93,223.47,1,15,15,818.15,777.15,31.41,Hard close,1
2024-12-05,BANKNIFTY,PUT,53375.3,53177.2,0.003725280759423321,10:00:00,53032.6,407.97,143.39,1,15,15,-4028.75,-4069.39,-66.5,SL hit,6
2024-12-06,BANKNIFTY,PUT,53691.65,53522.45,0.00316129026231057,10:00:00,53318.1,374.42,120.13,1,15,15,-3874.4,-3914.93,-69.71,SL hit,5
2024-12-09,BANKNIFTY,CALL,53670.45,53326.4,0.006451776230909936,11:15:00,53733.7,238.65,179.9,1,15,15,-941.21,-982.01,-27.43,SL hit,2
2024-12-13,BANKNIFTY,PUT,53229.3,52881.55,0.0065760175335253974,10:00:00,52684.75,369.98,191.83,1,15,15,-2732.21,-2773.07,-49.97,SL hit,5
2024-12-16,BANKNIFTY,CALL,53551.6,53386.9,0.003085026476532578,10:00:00,53633.8,238.21,167.98,1,15,15,-1113.5,-1154.25,-32.3,SL hit,2
2024-12-18,BANKNIFTY,PUT,52817.75,52547.1,0.005150617255757244,10:00:00,52388.9,403.01,450.47,1,15,15,651.86,609.84,10.09,Hard close,6
2024-12-19,BANKNIFTY,CALL,51574.6,51263.75,0.006063738996854474,11:30:00,51661.25,362.79,257.67,1,15,15,-1636.73,-1677.88,-30.83,SL hit,5
2024-12-20,BANKNIFTY,PUT,51575.95,51293.35,0.0055094861224700385,10:00:00,51196.05,321.57,244.56,1,15,15,-1215.2,-1256.29,-26.04,SL hit,4
2024-12-23,BANKNIFTY,CALL,51269.55,51030.4,0.004686422211074212,10:00:00,51354.5,161.28,121.05,1,15,15,-663.5,-704.04,-29.1,SL hit,1
2024-12-26,BANKNIFTY,PUT,51740.0,51363.35,0.0073330497329321676,10:00:00,51265.5,394.37,362.4,1,15,15,-539.6,-581.22,-9.83,Hard close,6
2024-12-27,BANKNIFTY,CALL,51485.65,51267.35,0.004258070682412938,10:00:00,51609.65,362.43,266.0,1,15,15,-1506.51,-1547.7,-28.47,SL hit,5
2024-12-30,BANKNIFTY,CALL,51378.7,51166.4,0.004149207292285477,10:00:00,51434.2,228.44,389.02,1,15,15,2348.77,2307.03,67.33,Target hit,2
2024-12-31,BANKNIFTY,CALL,50834.95,50599.8,0.0046472515701641934,11:00:00,50915.7,159.9,118.46,1,15,15,-681.66,-722.18,-30.11,SL hit,1
2025-01-01,BANKNIFTY,CALL,50970.7,50696.3,0.005412623800947883,10:45:00,51110.25,424.68,334.53,1,15,15,-1412.22,-1453.72,-22.82,SL hit,7
2025-01-02,BANKNIFTY,CALL,51202.3,51030.85,0.0033597323971676814,10:45:00,51265.15,394.37,302.07,1,15,15,-1444.49,-1485.85,-25.12,SL hit,6
2025-01-03,BANKNIFTY,PUT,51671.6,51490.4,0.003519102589997302,10:00:00,51250.45,359.9,283.23,1,15,15,-1210.05,-1251.32,-23.18,SL hit,5
2025-01-06,BANKNIFTY,PUT,51026.1,50718.15,0.006071790867766215,10:15:00,50636.85,224.9,345.8,1,15,15,1753.45,1711.9,50.75,Target hit,2
2025-01-07,BANKNIFTY,CALL,50309.05,50051.15,0.005152728758480104,12:15:00,50364.25,158.17,77.49,1,15,15,-1270.27,-1310.61,-55.24,SL hit,1
2025-01-08,BANKNIFTY,PUT,50246.9,50024.0,0.0044558611866304465,10:15:00,49854.55,414.25,321.45,1,15,15,-1452.06,-1493.5,-24.04,SL hit,7
2025-01-09,BANKNIFTY,PUT,49798.1,49486.75,0.006291583100526879,10:45:00,49347.2,379.61,262.95,1,15,15,-1809.97,-1851.14,-32.51,SL hit,6
2025-01-10,BANKNIFTY,PUT,49483.15,49254.35,0.004645274985864252,10:00:00,49015.35,344.21,199.45,1,15,15,-2231.33,-2272.22,-44.01,SL hit,5
2025-01-13,BANKNIFTY,CALL,48462.6,48178.35,0.005899952987182002,10:15:00,48548.15,215.62,126.93,1,15,15,-1390.4,-1430.96,-44.24,SL hit,2
2025-01-14,BANKNIFTY,CALL,48583.0,48235.2,0.007210501874150059,10:30:00,48677.45,152.87,114.03,1,15,15,-642.56,-683.07,-29.79,SL hit,1
2025-01-17,BANKNIFTY,PUT,49047.2,48763.9,0.005809625563172667,10:00:00,48591.1,341.23,263.23,1,15,15,-1230.04,-1271.22,-24.84,SL hit,5
2025-01-20,BANKNIFTY,CALL,48889.75,48683.6,0.004234485535169984,10:00:00,48945.15,217.38,365.24,1,15,15,2157.89,2116.26,64.9,Target hit,2
2025-01-21,BANKNIFTY,PUT,49543.15,49239.95,0.006157601703494914,10:00:00,49034.45,153.99,274.44,1,15,15,1746.78,1705.56,73.84,Target hit,1
2025-01-22,BANKNIFTY,PUT,48741.75,48529.6,0.004371558801226498,11:00:00,48471.85,402.76,301.59,1,15,15,-1577.48,-1618.83,-26.8,SL hit,7
2025-01-23,BANKNIFTY,CALL,48781.9,48499.15,0.005829999082458146,10:15:00,48836.6,375.69,245.86,1,15,15,-2007.4,-2048.49,-36.35,SL hit,6
2025-01-24,BANKNIFTY,CALL,48720.25,48498.8,0.004566092356924235,11:00:00,48796.3,342.67,232.42,1,15,15,-1713.78,-1754.82,-34.14,SL hit,5
2025-01-27,BANKNIFTY,CALL,48057.05,47844.15,0.004449864821509034,10:00:00,48129.2,213.76,110.04,1,15,15,-1615.73,-1656.21,-51.65,SL hit,2
2025-01-28,BANKNIFTY,CALL,48663.65,48449.05,0.004429395416421964,10:00:00,48725.4,153.02,230.43,1,15,15,1101.16,1060.13,46.19,Target hit,1
2025-01-29,BANKNIFTY,CALL,49065.3,48849.8,0.004411481725616072,10:45:00,49165.75,408.52,317.17,1,15,15,-1430.21,-1471.63,-24.02,SL hit,7
2025-01-30,BANKNIFTY,CALL,49206.2,49031.8,0.003556875333966817,10:15:00,49330.6,379.49,295.01,1,15,15,-1327.26,-1368.58,-24.04,SL hit,6
2025-01-31,BANKNIFTY,CALL,49315.85,49065.1,0.005110557198497507,12:00:00,49388.85,346.83,365.6,1,15,15,221.62,179.98,3.46,Hard close,5
2025-02-01,BANKNIFTY,CALL,49756.8,49488.75,0.005416382511176841,11:00:00,49845.75,313.09,114.49,1,15,15,-3038.96,-3079.47,-65.57,SL hit,4
2025-02-03,BANKNIFTY,CALL,49197.3,48906.05,0.005955295919421012,11:00:00,49271.95,218.84,154.91,1,15,15,-1018.89,-1059.58,-32.28,SL hit,2
2025-02-04,BANKNIFTY,CALL,49669.95,49482.5,0.003788207952306312,10:00:00,49859.15,156.58,74.1,1,15,15,-1297.27,-1337.6,-56.95,SL hit,1
2025-02-06,BANKNIFTY,PUT,50553.35,50275.05,0.005535548945252081,11:15:00,50179.0,386.01,296.63,1,15,15,-1400.77,-1442.1,-24.91,SL hit,6
2025-02-07,BANKNIFTY,PUT,50557.15,50334.6,0.004421411911488378,10:15:00,50142.6,352.12,265.61,1,15,15,-1357.65,-1398.83,-26.48,SL hit,5
2025-02-10,BANKNIFTY,PUT,50155.65,49975.95,0.003595729545911671,10:00:00,49776.55,221.08,172.33,1,15,15,-791.26,-832.03,-25.09,SL hit,2
2025-02-11,BANKNIFTY,PUT,49906.75,49701.7,0.0041256134096017425,10:00:00,49582.7,155.72,277.08,1,15,15,1760.4,1719.16,73.6,Target hit,1
2025-02-12,BANKNIFTY,PUT,49539.95,49209.45,0.006716189674950645,10:00:00,48810.95,405.57,265.18,1,15,15,-2165.91,-2207.1,-36.28,SL hit,7
2025-02-13,BANKNIFTY,CALL,49707.45,49434.15,0.0055285667903664905,10:30:00,49766.85,382.84,299.9,1,15,15,-1304.15,-1345.49,-23.43,SL hit,6
2025-02-14,BANKNIFTY,PUT,49592.95,49381.0,0.004292136651748589,10:30:00,49081.15,344.67,209.28,1,15,15,-2090.88,-2131.81,-41.23,SL hit,5
2025-02-17,BANKNIFTY,PUT,48995.8,48683.45,0.00641593806519476,10:00:00,48569.2,215.72,126.56,1,15,15,-1397.45,-1438.02,-44.44,SL hit,2
2025-02-18,BANKNIFTY,PUT,49328.55,49001.95,0.006665040881026283,10:15:00,48903.1,153.58,109.37,1,15,15,-723.15,-763.63,-33.15,SL hit,1
2025-02-19,BANKNIFTY,CALL,49089.9,48804.0,0.0058581263830833835,10:00:00,49504.85,380.83,301.41,1,15,15,-1251.3,-1292.65,-22.63,SL hit,6
2025-02-21,BANKNIFTY,PUT,49306.55,49104.35,0.00411776146105191,10:00:00,48827.35,306.69,219.85,1,15,15,-1362.63,-1403.61,-30.51,SL hit,4
2025-02-24,BANKNIFTY,PUT,48745.95,48497.2,0.005129162095956055,10:00:00,48425.8,152.08,75.08,1,15,15,-1214.96,-1255.29,-55.03,SL hit,1
2025-02-25,BANKNIFTY,PUT,48862.15,48670.65,0.003934609461759808,10:45:00,48612.05,152.67,111.56,1,15,15,-676.7,-717.19,-31.32,SL hit,1
2025-02-28,BANKNIFTY,PUT,48517.25,48224.9,0.006062220968835571,12:45:00,48101.35,337.79,260.06,1,15,15,-1225.92,-1267.08,-25.01,SL hit,5
2025-03-03,BANKNIFTY,PUT,48574.7,48152.15,0.008775309098347542,10:00:00,47885.75,212.68,130.53,1,15,15,-1292.28,-1332.86,-41.78,SL hit,2
2025-03-05,BANKNIFTY,CALL,48487.1,48190.25,0.00615995974289402,11:30:00,48563.15,403.52,295.98,1,15,15,-1673.07,-1714.39,-28.32,SL hit,7
2025-03-06,BANKNIFTY,PUT,48839.1,48518.3,0.006611938175904671,11:15:00,48454.75,372.75,293.71,1,15,15,-1245.58,-1286.89,-23.02,SL hit,6
2025-03-07,BANKNIFTY,CALL,48617.05,48412.8,0.004218925573402075,10:15:00,48671.9,341.8,231.57,1,15,15,-1713.4,-1754.44,-34.22,SL hit,5
2025-03-12,BANKNIFTY,CALL,48157.05,47880.0,0.005786340852130386,10:30:00,48206.35,400.55,282.81,1,15,15,-1826.15,-1867.41,-31.08,SL hit,7
2025-03-13,BANKNIFTY,CALL,48286.5,48064.75,0.004613568155456962,10:30:00,48337.3,371.85,293.19,1,15,15,-1239.84,-1281.16,-22.97,SL hit,6
2025-03-17,BANKNIFTY,CALL,48368.25,48196.1,0.0035718657733717347,11:15:00,48429.65,215.1,170.77,1,15,15,-724.94,-765.7,-23.73,SL hit,2
2025-03-18,BANKNIFTY,CALL,48863.1,48629.45,0.004804701677687111,10:00:00,48994.95,153.87,113.3,1,15,15,-668.48,-708.98,-30.72,SL hit,1
2025-03-19,BANKNIFTY,CALL,49607.55,49324.8,0.005732410471000389,10:15:00,49668.2,412.7,384.23,1,15,15,-486.99,-528.71,-8.54,Hard close,7
2025-03-20,BANKNIFTY,PUT,50035.75,49885.95,0.003002849499708894,10:00:00,49819.2,383.25,289.46,1,15,15,-1466.87,-1508.16,-26.23,SL hit,6
2025-03-21,BANKNIFTY,CALL,50151.95,49891.95,0.005211261536179685,10:00:00,50221.55,352.68,387.39,1,15,15,460.6,418.86,7.92,Hard close,5
2025-03-24,BANKNIFTY,CALL,51122.6,50795.9,0.006431621449762621,10:00:00,51407.35,228.32,385.95,1,15,15,2304.44,2262.71,66.07,Target hit,2
2025-03-25,BANKNIFTY,CALL,51932.8,51646.65,0.005540533606729603,10:15:00,51997.8,163.3,117.04,1,15,15,-753.89,-794.41,-32.43,SL hit,1
2025-03-26,BANKNIFTY,PUT,51831.2,51572.75,0.0050113674372609,11:45:00,51455.4,427.55,516.05,1,15,15,1267.56,1225.24,19.1,Hard close,7
2025-03-27,BANKNIFTY,CALL,51450.75,51050.85,0.007833366143756695,10:00:00,51597.1,396.92,350.13,1,15,15,-761.78,-803.35,-13.49,Hard close,6
2025-03-28,BANKNIFTY,PUT,51812.55,51564.25,0.004815351721396179,11:00:00,51512.2,361.74,234.27,1,15,15,-1972.11,-2013.16,-37.1,SL hit,5
2025-04-01,BANKNIFTY,PUT,51537.05,51170.55,0.0071623228595354155,10:15:00,51109.4,160.51,265.66,1,15,15,1517.29,1476.1,61.31,Target hit,1
2025-04-02,BANKNIFTY,CALL,51145.05,50908.35,0.004649531953009759,10:45:00,51209.15,425.5,363.65,1,15,15,-987.7,-1029.32,-16.13,Hard close,7
2025-04-03,BANKNIFTY,CALL,51309.35,50906.65,0.007910557854425642,10:00:00,51400.0,395.41,397.07,1,15,15,-35.14,-76.91,-1.3,Hard close,6
2025-04-08,BANKNIFTY,PUT,50754.3,50388.55,0.007258593470143514,10:00:00,50290.35,157.94,112.44,1,15,15,-742.43,-782.93,-33.05,SL hit,1
2025-04-09,BANKNIFTY,PUT,50496.9,50282.0,0.004273895230897766,10:00:00,50169.6,416.86,332.26,1,15,15,-1329.01,-1370.5,-21.92,SL hit,7
2025-04-11,BANKNIFTY,CALL,50968.05,50634.1,0.00659535767397869,11:15:00,51071.05,358.64,279.13,1,15,15,-1252.63,-1293.87,-24.05,SL hit,5
2025-04-15,BANKNIFTY,CALL,52299.0,51863.3,0.008400930908754304,11:30:00,52369.8,164.47,119.1,1,15,15,-740.51,-781.03,-31.66,SL hit,1
2025-04-16,BANKNIFTY,CALL,52690.9,52471.35,0.00418418813314319,10:00:00,52786.2,438.61,350.15,1,15,15,-1386.94,-1428.51,-21.71,SL hit,7
2025-04-17,BANKNIFTY,CALL,53333.25,53084.9,0.004678354861740316,10:15:00,53437.15,411.08,627.2,1,15,15,3181.74,3138.93,50.91,Target hit,6
2025-04-21,BANKNIFTY,CALL,55195.95,54674.95,0.009529043922308114,10:45:00,55327.95,245.73,175.9,1,15,15,-1107.44,-1148.22,-31.15,SL hit,2
2025-04-22,BANKNIFTY,CALL,55510.85,55243.55,0.004838573914963749,10:00:00,55696.5,174.92,265.37,1,15,15,1296.73,1255.55,47.85,Target hit,1
2025-04-23,BANKNIFTY,PUT,56098.7,55746.85,0.006311567380040281,10:00:00,55342.85,459.85,335.43,1,15,15,-1926.35,-1967.85,-28.53,SL hit,7
2025-04-25,BANKNIFTY,PUT,55350.55,54875.8,0.008651354513282722,10:00:00,54669.75,383.92,286.65,1,15,15,-1519.03,-1560.31,-27.09,SL hit,5
2025-04-28,BANKNIFTY,CALL,55099.05,54582.35,0.009466430082251944,10:00:00,55288.2,245.56,175.05,1,15,15,-1117.63,-1158.41,-31.45,SL hit,2
2025-04-29,BANKNIFTY,PUT,55957.75,55504.9,0.008158739138346317,10:30:00,55388.7,173.95,136.9,1,15,15,-615.79,-656.39,-25.16,SL hit,1
2025-05-02,BANKNIFTY,PUT,55612.1,55099.05,0.009311412810202637,12:15:00,55035.25,386.48,295.67,1,15,15,-1422.08,-1463.41,-25.24,SL hit,5
2025-05-05,BANKNIFTY,PUT,55345.5,54961.1,0.006994037601139742,11:45:00,54895.35,243.81,187.02,1,15,15,-911.81,-952.65,-26.05,SL hit,2
2025-05-06,BANKNIFTY,PUT,55036.95,54726.85,0.005666322837875715,10:00:00,54600.15,171.47,283.61,1,15,15,1622.09,1580.82,61.46,Target hit,1
2025-05-12,BANKNIFTY,CALL,55069.35,54558.05,0.00937166925870693,10:00:00,55146.4,244.93,286.76,1,15,15,567.41,526.13,14.32,Hard close,2
2025-05-13,BANKNIFTY,PUT,55499.65,55075.35,0.007703990986893464,10:15:00,55017.75,172.79,99.63,1,15,15,-1157.43,-1197.87,-46.22,SL hit,1
2025-05-14,BANKNIFTY,PUT,55208.6,54922.5,0.005209158359506551,12:00:00,54842.85,455.69,456.89,1,15,15,-42.05,-84.09,-1.23,Hard close,7
2025-05-19,BANKNIFTY,CALL,55512.95,55296.55,0.003913444871334544,10:45:00,55612.15,247.0,186.52,1,15,15,-967.15,-1007.98,-27.21,SL hit,2
2025-05-20,BANKNIFTY,PUT,55568.35,55227.9,0.006164456732919359,11:15:00,55134.0,173.15,274.83,1,15,15,1465.23,1424.0,54.83,Target hit,1
2025-05-21,BANKNIFTY,CALL,55132.85,54931.3,0.0036691285296360293,10:00:00,55260.3,459.16,350.88,1,15,15,-1684.15,-1725.72,-25.06,SL hit,7
2025-05-22,BANKNIFTY,PUT,54936.85,54728.45,0.0038078915079817074,11:30:00,54645.5,420.37,298.96,1,15,15,-1881.2,-1922.54,-30.49,SL hit,6
2025-05-23,BANKNIFTY,CALL,55076.65,54854.5,0.004049804482768077,10:00:00,55171.15,387.44,378.54,1,15,15,-193.54,-235.23,-4.05,Hard close,5
2025-05-26,BANKNIFTY,PUT,55846.4,55516.8,0.0059369416104674355,10:30:00,55447.5,246.26,186.66,1,15,15,-954.07,-994.9,-26.93,SL hit,2
2025-05-27,BANKNIFTY,PUT,55511.55,55128.6,0.0069464851275019565,10:15:00,55067.5,172.94,23.9,1,15,15,-2295.56,-2335.66,-90.04,SL hit,1
2025-05-29,BANKNIFTY,PUT,55725.35,55438.2,0.005179641474651079,10:00:00,55351.55,425.8,368.53,1,15,15,-919.05,-960.7,-15.04,Hard close,6
2025-05-30,BANKNIFTY,PUT,55704.25,55476.3,0.004108961844967979,10:30:00,55403.8,389.07,270.82,1,15,15,-1833.81,-1875.02,-32.13,SL hit,5
2025-06-03,BANKNIFTY,PUT,56161.4,55784.2,0.006761771254226186,11:00:00,55706.8,174.95,170.28,1,15,15,-129.98,-170.74,-6.51,Hard close,1
2025-06-04,BANKNIFTY,PUT,55791.0,55586.2,0.0036843677027752018,10:00:00,55522.45,461.34,368.58,1,15,15,-1451.4,-1493.05,-21.58,SL hit,7
2025-06-05,BANKNIFTY,CALL,55827.0,55580.45,0.00443591226771289,12:00:00,55963.25,430.51,337.18,1,15,15,-1459.99,-1501.5,-23.25,SL hit,6
2025-06-11,BANKNIFTY,CALL,56669.3,56489.9,0.0031757889463426463,11:45:00,56755.0,471.58,347.21,1,15,15,-1925.59,-1967.14,-27.81,SL hit,7
2025-06-12,BANKNIFTY,PUT,56575.25,56392.35,0.0032433477235831007,10:30:00,56287.9,433.01,415.72,1,15,15,-319.29,-361.15,-5.56,Hard close,6
2025-06-17,BANKNIFTY,PUT,56067.3,55870.9,0.0035152467563615668,11:30:00,55807.0,175.26,181.62,1,15,15,35.36,-5.45,-0.21,Hard close,1
2025-06-18,BANKNIFTY,CALL,55786.55,55511.8,0.004949398145979773,10:00:00,55889.4,464.39,339.47,1,15,15,-1933.85,-1975.37,-28.36,SL hit,7
2025-06-19,BANKNIFTY,PUT,55884.7,55684.7,0.003591650848437722,12:30:00,55578.35,427.55,351.5,1,15,15,-1200.79,-1242.36,-19.37,Hard close,6
2025-06-20,BANKNIFTY,CALL,55833.6,55566.4,0.004808661349304563,10:15:00,56000.0,393.26,364.77,1,15,15,-487.39,-529.02,-8.97,Hard close,5
2025-06-24,BANKNIFTY,CALL,56736.1,56469.9,0.004714015785400667,12:00:00,56826.2,178.47,39.58,1,15,15,-2143.29,-2183.45,-81.56,SL hit,1
2025-06-26,BANKNIFTY,CALL,56746.2,56567.4,0.003160831150096975,12:00:00,56997.75,438.47,501.78,1,15,15,889.64,847.4,12.88,Hard close,6
2025-06-27,BANKNIFTY,CALL,57259.0,57078.6,0.003160554043021403,11:45:00,57357.45,402.79,372.59,1,15,15,-513.07,-554.74,-9.18,Hard close,5
2025-07-02,BANKNIFTY,PUT,57628.4,57346.95,0.004907846014478614,10:00:00,57268.35,475.85,511.89,1,15,15,480.58,438.29,6.14,Hard close,7
2025-07-11,BANKNIFTY,PUT,57091.05,56841.9,0.004383210272703788,10:15:00,56755.2,398.56,318.33,1,15,15,-1263.46,-1304.88,-21.83,SL hit,5
2025-07-15,BANKNIFTY,CALL,56909.05,56707.8,0.0035488945083392404,10:00:00,57036.5,179.13,133.34,1,15,15,-746.88,-787.47,-29.31,SL hit,1
2025-07-17,BANKNIFTY,PUT,57262.85,57050.5,0.0037221409102461598,10:00:00,56992.6,438.43,408.19,1,15,15,-513.63,-555.46,-8.45,Hard close,6
2025-07-18,BANKNIFTY,PUT,56705.15,56445.65,0.004597342753604574,10:15:00,56324.0,395.53,300.55,1,15,15,-1484.76,-1526.11,-25.72,SL hit,5
2025-07-21,BANKNIFTY,CALL,56654.3,56255.7,0.007085504224460914,10:00:00,56720.6,251.92,283.99,1,15,15,421.01,379.75,10.05,Hard close,2
2025-07-22,BANKNIFTY,PUT,57286.15,56997.4,0.005066020555323576,11:00:00,56916.05,178.75,204.6,1,15,15,327.71,286.8,10.7,Hard close,1
2025-07-23,BANKNIFTY,CALL,56949.6,56759.2,0.003354522262470251,12:30:00,57033.1,473.89,502.52,1,15,15,369.45,327.2,4.6,Hard close,7
2025-07-24,BANKNIFTY,PUT,57316.6,57070.5,0.004312210336338363,10:00:00,56998.05,438.47,329.74,1,15,15,-1690.88,-1732.35,-26.34,SL hit,6
2025-07-25,BANKNIFTY,PUT,57170.7,56869.3,0.005299871811328681,10:30:00,56774.15,398.69,434.56,1,15,15,477.99,436.04,7.29,Hard close,5
2025-07-28,BANKNIFTY,CALL,56418.8,56186.85,0.004128190137016124,10:00:00,56478.6,250.84,194.41,1,15,15,-906.47,-947.34,-25.18,SL hit,2
2025-07-31,BANKNIFTY,PUT,55959.4,55694.35,0.0047590105639082406,10:00:00,55607.2,427.77,307.44,1,15,15,-1864.97,-1906.35,-29.71,SL hit,6
2025-08-01,BANKNIFTY,CALL,55977.75,55789.45,0.003375190112109062,10:15:00,56053.35,393.63,301.84,1,15,15,-1436.8,-1478.15,-25.03,SL hit,5
2025-08-06,BANKNIFTY,PUT,55485.25,55306.6,0.003230175060481054,10:45:00,55250.25,459.08,347.22,1,15,15,-1737.9,-1779.45,-25.84,SL hit,7
2025-08-07,BANKNIFTY,PUT,55364.7,55179.75,0.0033517730689246886,11:00:00,55111.45,423.96,301.83,1,15,15,-1891.94,-1933.29,-30.4,SL hit,6
2025-08-08,BANKNIFTY,PUT,55652.6,55387.95,0.004778115095431434,10:00:00,55252.35,388.01,362.0,1,15,15,-450.21,-491.83,-8.45,Hard close,5
2025-08-11,BANKNIFTY,CALL,55222.6,54927.55,0.005371621344844174,10:15:00,55279.0,245.52,183.01,1,15,15,-997.64,-1038.46,-28.2,SL hit,2
2025-08-14,BANKNIFTY,CALL,55274.3,55074.3,0.0036314578669179635,10:00:00,55344.8,425.75,327.65,1,15,15,-1531.51,-1572.98,-24.63,SL hit,6
2025-08-18,BANKNIFTY,PUT,56098.6,55822.7,0.004942433812767951,12:00:00,55711.3,247.44,193.29,1,15,15,-872.24,-913.1,-24.6,SL hit,2
2025-08-19,BANKNIFTY,CALL,55791.8,55608.15,0.0033025734537113975,11:45:00,55859.05,175.43,117.63,1,15,15,-927.07,-967.59,-36.77,SL hit,1
2025-08-26,BANKNIFTY,PUT,55068.9,54622.55,0.008171533551619222,10:30:00,54567.75,171.37,111.67,1,15,15,-955.52,-996.02,-38.75,SL hit,1
2025-08-29,BANKNIFTY,CALL,53992.15,53660.35,0.006183336485878361,10:30:00,54071.3,379.71,280.51,1,15,15,-1548.0,-1589.25,-27.9,SL hit,5
2025-09-03,BANKNIFTY,CALL,53743.6,53561.75,0.0033951467231746264,10:00:00,53853.7,447.48,354.63,1,15,15,-1452.76,-1494.35,-22.26,SL hit,7
2025-09-04,BANKNIFTY,PUT,54450.55,54195.7,0.0047024025891354085,12:15:00,54140.4,416.49,400.41,1,15,15,-301.24,-343.03,-5.49,Hard close,6
2025-09-05,BANKNIFTY,PUT,54308.05,54109.6,0.003667556219229201,10:00:00,53882.9,378.39,284.96,1,15,15,-1461.48,-1502.75,-26.48,SL hit,5
2025-09-11,BANKNIFTY,CALL,54634.45,54402.4,0.004265436818963789,12:15:00,54711.1,420.88,363.33,1,15,15,-923.28,-964.9,-15.28,Hard close,6
2025-09-22,BANKNIFTY,CALL,55551.85,55315.55,0.004271854840094614,10:15:00,55630.95,247.08,176.66,1,15,15,-1116.23,-1157.02,-31.22,SL hit,2
2025-09-24,BANKNIFTY,PUT,55511.1,55268.25,0.00439402369353107,10:45:00,55211.5,458.76,449.02,1,15,15,-206.05,-248.06,-3.6,Hard close,7
2025-09-26,BANKNIFTY,PUT,54897.0,54674.05,0.004077802906497636,10:45:00,54619.35,383.56,421.92,1,15,15,515.34,473.45,8.23,Hard close,5
2025-09-29,BANKNIFTY,CALL,54538.3,54366.2,0.0031655697841674758,10:15:00,54644.9,242.7,187.16,1,15,15,-893.05,-933.88,-25.65,SL hit,2
2025-09-30,BANKNIFTY,PUT,54793.05,54618.55,0.0031948852541856198,10:15:00,54562.95,171.36,124.42,1,15,15,-764.08,-804.63,-31.3,SL hit,1
2025-10-01,BANKNIFTY,CALL,54777.3,54582.55,0.0035679901360416467,10:00:00,54940.65,456.51,535.56,1,15,15,1125.68,1083.28,15.82,Hard close,7
2025-10-03,BANKNIFTY,CALL,55430.65,55177.0,0.004597024122369855,12:00:00,55531.65,389.97,377.88,1,15,15,-241.41,-283.1,-4.84,Hard close,5
2025-10-07,BANKNIFTY,CALL,56197.1,56025.05,0.003070947727846662,10:00:00,56331.0,176.91,138.61,1,15,15,-634.45,-675.06,-25.44,SL hit,1
2025-10-08,BANKNIFTY,PUT,56303.6,56097.1,0.003681117205702256,10:45:00,56010.95,465.4,364.32,1,15,15,-1576.13,-1617.76,-23.17,SL hit,7
2025-10-09,BANKNIFTY,CALL,56076.25,55877.95,0.003548805924340512,11:00:00,56159.55,432.02,372.42,1,15,15,-953.99,-995.66,-15.36,Hard close,6
2025-10-10,BANKNIFTY,CALL,56474.95,56152.45,0.005743293480515988,10:00:00,56534.1,397.01,390.01,1,15,15,-165.01,-206.76,-3.47,Hard close,5
2025-10-13,BANKNIFTY,CALL,56565.8,56331.4,0.00416108955218584,10:15:00,56628.25,251.51,195.96,1,15,15,-893.22,-934.09,-24.76,SL hit,2
2025-10-14,BANKNIFTY,PUT,56721.3,56501.45,0.003891050583657691,11:00:00,56428.6,177.22,98.54,1,15,15,-1240.13,-1280.56,-48.17,SL hit,1
2025-10-15,BANKNIFTY,CALL,56702.85,56524.55,0.0031543815917153806,10:45:00,56812.15,472.06,372.68,1,15,15,-1550.72,-1592.39,-22.49,SL hit,7
2025-10-17,BANKNIFTY,CALL,57462.3,57238.65,0.003907324858290709,10:00:00,57536.75,404.05,307.58,1,15,15,-1506.99,-1548.37,-25.55,SL hit,5
2025-10-23,BANKNIFTY,CALL,58381.75,58157.6,0.0038541824284358617,10:00:00,58533.15,450.28,347.57,1,15,15,-1600.58,-1642.13,-24.31,SL hit,6
2025-10-24,BANKNIFTY,PUT,58232.9,58032.75,0.003448914621485307,10:15:00,57901.1,406.61,462.97,1,15,15,785.4,743.33,12.19,Hard close,5
2025-10-27,BANKNIFTY,CALL,57996.85,57652.75,0.005968492396286362,10:15:00,58133.65,258.19,204.33,1,15,15,-867.9,-908.81,-23.47,SL hit,2
2025-10-28,BANKNIFTY,PUT,58222.85,57977.55,0.004230948013498253,10:15:00,57919.4,181.9,136.44,1,15,15,-741.89,-782.49,-28.68,SL hit,1
2025-10-31,BANKNIFTY,PUT,58181.65,57928.4,0.004371776192679238,10:30:00,57845.8,363.33,268.1,1,15,15,-1488.39,-1529.59,-28.07,SL hit,4
2025-11-03,BANKNIFTY,CALL,57924.55,57718.4,0.0035716513278261602,10:00:00,57995.6,182.14,187.74,1,15,15,24.05,-16.78,-0.61,Hard close,1
2025-11-04,BANKNIFTY,PUT,58119.65,57939.65,0.00310668083083001,11:30:00,57846.75,181.67,104.48,1,15,15,-1217.91,-1258.37,-46.18,SL hit,1
2025-11-06,BANKNIFTY,PUT,57945.05,57701.4,0.00422260118471998,10:00:00,57618.5,443.24,349.28,1,15,15,-1469.36,-1510.92,-22.73,SL hit,6
2025-11-07,BANKNIFTY,CALL,57433.05,57157.85,0.004814736733449638,11:00:00,57560.95,404.22,484.19,1,15,15,1139.59,1097.42,18.1,Hard close,5
2025-11-11,BANKNIFTY,PUT,58082.45,57814.5,0.004634650476956423,10:00:00,57716.9,181.26,134.57,1,15,15,-760.38,-800.97,-29.46,SL hit,1
2025-11-13,BANKNIFTY,CALL,58302.0,58127.1,0.003008923548568593,10:00:00,58456.9,449.69,358.87,1,15,15,-1422.34,-1463.95,-21.7,SL hit,6
2025-11-17,BANKNIFTY,CALL,58861.2,58605.3,0.004366499275662682,11:00:00,58929.1,261.73,225.18,1,15,15,-608.24,-649.25,-16.54,Hard close,2
2025-11-19,BANKNIFTY,CALL,58952.75,58723.45,0.0039047433350731763,12:30:00,59020.65,490.41,546.51,1,15,15,781.55,739.1,10.05,Hard close,7
2025-11-25,BANKNIFTY,CALL,58957.4,58746.2,0.003595126152840599,10:00:00,59026.6,185.38,143.96,1,15,15,-681.3,-721.94,-25.96,SL hit,1
2025-11-26,BANKNIFTY,CALL,59102.05,58783.05,0.005426734407282371,10:00:00,59453.2,494.0,420.57,1,15,15,-1161.38,-1203.27,-16.24,Hard close,7
2025-11-28,BANKNIFTY,CALL,59784.9,59598.95,0.003120021409773232,11:00:00,59860.8,420.37,316.03,1,15,15,-1625.12,-1666.53,-26.43,SL hit,5
2025-12-01,BANKNIFTY,PUT,60114.05,59888.35,0.003768679551198261,12:00:00,59702.45,265.16,204.56,1,15,15,-968.99,-1009.91,-25.39,SL hit,2
2025-12-03,BANKNIFTY,PUT,59356.75,59083.65,0.004622260134571891,10:15:00,59009.85,490.32,376.36,1,15,15,-1769.39,-1811.08,-24.62,SL hit,7
2025-12-04,BANKNIFTY,CALL,59385.4,59180.35,0.003464832499300915,10:15:00,59528.9,457.94,361.13,1,15,15,-1512.17,-1553.79,-22.62,SL hit,6
2025-12-05,BANKNIFTY,CALL,59392.2,59106.55,0.004832797718696053,10:00:00,59557.15,418.24,401.04,1,15,15,-318.01,-359.81,-5.74,Hard close,5
2025-12-09,BANKNIFTY,CALL,59083.3,58878.45,0.003479201643385752,10:45:00,59202.5,185.93,140.17,1,15,15,-746.39,-787.01,-28.22,SL hit,1
2025-12-11,BANKNIFTY,CALL,59094.4,58862.45,0.003940542739896222,10:30:00,59173.5,455.21,364.42,1,15,15,-1421.88,-1463.51,-21.43,Hard close,6
2025-12-15,BANKNIFTY,CALL,59357.3,59052.3,0.0051649131363215315,11:45:00,59451.5,264.05,251.94,1,15,15,-241.66,-282.79,-7.14,Hard close,2
2025-12-16,BANKNIFTY,PUT,59335.25,59146.7,0.0031878363458993134,11:00:00,59084.35,185.56,158.41,1,15,15,-467.23,-507.93,-18.25,Hard close,1
2025-12-17,BANKNIFTY,PUT,59121.05,58930.65,0.003230916339799433,12:45:00,58860.6,489.08,411.19,1,15,15,-1228.28,-1270.12,-17.31,Hard close,7
2025-12-18,BANKNIFTY,CALL,58895.05,58712.7,0.0031058016408716652,10:00:00,58989.8,453.79,349.81,1,15,15,-1619.69,-1661.25,-24.41,SL hit,6
2025-12-31,BANKNIFTY,CALL,59414.05,59187.1,0.0038344504123365456,12:00:00,59514.6,494.51,523.99,1,15,15,382.23,339.88,4.58,Hard close,7
2026-01-02,BANKNIFTY,CALL,59950.6,59738.25,0.003554673931693656,10:00:00,60015.65,421.46,328.48,1,15,15,-1454.63,-1496.1,-23.67,SL hit,5
2026-01-06,BANKNIFTY,CALL,60188.85,59834.3,0.005925531008134057,10:00:00,60276.75,189.3,132.5,1,15,15,-911.96,-952.55,-33.55,SL hit,1
2026-01-08,BANKNIFTY,PUT,60005.6,59777.6,0.0038141377372126013,11:45:00,59696.15,459.23,360.97,1,15,15,-1533.96,-1575.58,-22.87,SL hit,6
2026-01-09,BANKNIFTY,PUT,59739.65,59471.85,0.004502970733212485,11:30:00,59390.75,417.07,435.03,1,15,15,209.34,167.39,2.68,Hard close,5
2026-01-12,BANKNIFTY,PUT,59322.15,58985.75,0.005703072352220688,11:30:00,58886.1,261.54,162.67,1,15,15,-1543.05,-1583.77,-40.37,SL hit,2
2026-01-16,BANKNIFTY,CALL,59793.25,59510.5,0.004751262382268675,10:00:00,60008.45,421.41,378.8,1,15,15,-699.12,-740.81,-11.72,Hard close,5
2026-01-19,BANKNIFTY,PUT,60107.5,59781.75,0.005448987358182054,10:00:00,59668.85,265.01,203.56,1,15,15,-981.77,-1022.67,-25.73,SL hit,2
2026-01-20,BANKNIFTY,PUT,59993.5,59768.8,0.003759486554858004,10:00:00,59666.65,187.39,144.5,1,15,15,-703.41,-744.05,-26.47,SL hit,1
2026-01-21,BANKNIFTY,PUT,59447.35,59122.65,0.005491973042480286,10:00:00,58983.25,490.1,330.68,1,15,15,-2451.23,-2492.71,-33.91,SL hit,7
2026-01-22,BANKNIFTY,PUT,59492.3,59087.3,0.006854264791249558,10:45:00,58915.95,453.22,338.14,1,15,15,-1786.26,-1827.77,-26.89,SL hit,6
2026-01-23,BANKNIFTY,PUT,59400.15,59101.9,0.005046369067661107,11:30:00,58987.85,414.24,532.2,1,15,15,1709.38,1666.99,26.83,Hard close,5
2026-01-27,BANKNIFTY,CALL,58591.35,58150.0,0.007589853826311239,10:00:00,58680.95,184.29,67.33,1,15,15,-1814.41,-1854.7,-67.09,SL hit,1
2026-01-30,BANKNIFTY,CALL,59791.4,59535.4,0.004299962711260863,10:00:00,59894.6,420.61,331.06,1,15,15,-1403.2,-1444.68,-22.9,SL hit,5
2026-02-06,BANKNIFTY,PUT,60119.95,59924.15,0.0032674639523463515,10:15:00,59822.65,420.1,334.48,1,15,15,-1344.35,-1385.85,-21.99,SL hit,5
2026-02-16,BANKNIFTY,CALL,60266.5,59861.1,0.006772344644518752,10:00:00,60440.15,268.44,406.24,1,15,15,2006.93,1965.11,48.8,Target hit,2
2026-02-17,BANKNIFTY,CALL,60886.1,60560.0,0.005384742404227189,10:15:00,61085.2,191.84,130.76,1,15,15,-976.16,-1016.74,-35.33,SL hit,1
2026-02-19,BANKNIFTY,PUT,61678.8,61433.1,0.0039994725970202444,10:15:00,61366.7,472.08,608.2,1,15,15,1981.86,1939.13,27.38,Hard close,6
2026-02-20,BANKNIFTY,CALL,60949.75,60562.35,0.006396713469672188,10:15:00,61120.35,429.22,326.83,1,15,15,-1595.89,-1637.35,-25.43,SL hit,5
2026-02-24,BANKNIFTY,PUT,61392.1,61109.15,0.004630239497685651,12:30:00,61015.4,191.62,125.47,1,15,15,-1052.21,-1092.77,-38.02,SL hit,1
2026-02-27,BANKNIFTY,PUT,61086.45,60855.3,0.003798354457212341,10:00:00,60717.45,426.39,294.24,1,15,15,-2042.23,-2083.55,-32.58,SL hit,5
2026-03-05,BANKNIFTY,PUT,59088.7,58809.7,0.004744115341516791,11:45:00,58724.0,451.75,343.0,1,15,15,-1691.18,-1732.71,-25.57,SL hit,6
2026-03-06,BANKNIFTY,PUT,58807.15,58495.25,0.005332056876413067,10:15:00,58405.6,410.15,549.3,1,15,15,2027.28,1984.82,32.26,Hard close,5
2026-03-10,BANKNIFTY,CALL,56745.65,56387.85,0.006345338579144317,10:30:00,56871.5,178.61,119.92,1,15,15,-940.39,-980.92,-36.61,SL hit,1
2026-03-11,BANKNIFTY,PUT,56938.4,56642.75,0.005219555900799333,10:00:00,56541.7,469.81,702.87,1,15,15,3435.92,3392.76,48.14,Hard close,7
2026-03-12,BANKNIFTY,CALL,55067.35,54760.55,0.005602573385402368,10:15:00,55182.25,424.5,334.58,1,15,15,-1408.87,-1450.36,-22.78,SL hit,6
2026-03-13,BANKNIFTY,PUT,54713.75,54361.6,0.006477918236402193,10:00:00,54148.15,380.25,429.97,1,15,15,685.87,643.95,11.29,Hard close,5
2026-03-16,BANKNIFTY,PUT,53947.3,53630.6,0.005905210831130071,10:15:00,53495.55,237.6,179.88,1,15,15,-925.76,-966.56,-27.12,SL hit,2
2026-03-18,BANKNIFTY,CALL,55109.3,54812.8,0.005409320450697647,11:30:00,55286.55,459.38,433.35,1,15,15,-450.5,-492.44,-7.15,Hard close,7
2026-03-23,BANKNIFTY,PUT,52665.3,52068.8,0.011455996681313953,10:00:00,51826.6,230.18,174.76,1,15,15,-891.37,-932.15,-27.0,SL hit,2
2026-03-24,BANKNIFTY,PUT,52491.75,52155.2,0.00645285609105138,10:00:00,52075.25,163.54,271.71,1,15,15,1562.52,1521.31,62.02,Target hit,1
2026-03-25,BANKNIFTY,CALL,53571.8,53024.75,0.010316880324754061,10:00:00,53718.75,446.35,357.09,1,15,15,-1398.88,-1440.48,-21.51,Hard close,7
2026-03-27,BANKNIFTY,PUT,53292.5,52773.1,0.00984213548190274,10:00:00,52629.1,369.59,453.28,1,15,15,1195.31,1153.28,20.8,Hard close,5
2026-03-30,BANKNIFTY,PUT,51624.5,50888.15,0.01446996992423577,11:00:00,50808.45,225.66,153.63,1,15,15,-1140.46,-1181.14,-34.89,SL hit,2
2026-04-01,BANKNIFTY,PUT,51801.6,51420.2,0.007417318485731317,10:15:00,51194.95,425.38,316.96,1,15,15,-1686.37,-1727.79,-27.08,SL hit,7
2026-04-06,BANKNIFTY,CALL,51829.3,51111.1,0.01405174218516143,12:45:00,52044.3,231.15,388.57,1,15,15,2301.36,2259.62,65.17,Target hit,2
2026-04-08,BANKNIFTY,CALL,55230.35,54797.5,0.007899082987362535,10:15:00,55324.4,459.7,547.08,1,15,15,1250.77,1208.32,17.52,Hard close,7
2026-04-09,BANKNIFTY,PUT,55583.1,55247.65,0.006071751468161942,12:30:00,55126.65,424.07,558.83,1,15,15,1961.38,1918.88,30.17,Hard close,6
2026-04-10,BANKNIFTY,CALL,55627.45,55145.25,0.008744180142441953,10:00:00,55849.15,392.2,311.15,1,15,15,-1275.78,-1317.17,-22.39,SL hit,5
2026-04-13,BANKNIFTY,CALL,54848.1,54356.2,0.009049565642925765,10:15:00,54903.1,243.85,375.4,1,15,15,1913.23,1871.55,51.17,Target hit,2
2026-04-15,BANKNIFTY,PUT,56786.25,56336.35,0.00798596288186937,11:00:00,56143.3,466.5,354.13,1,15,15,-1745.61,-1787.2,-25.54,SL hit,7
2026-04-16,BANKNIFTY,PUT,56834.25,56522.1,0.005522618586358282,11:15:00,56439.15,434.17,438.91,1,15,15,11.05,-30.92,-0.47,Hard close,6
2026-04-17,BANKNIFTY,CALL,56209.3,55841.65,0.0065837954286809474,11:30:00,56294.55,395.33,458.62,1,15,15,889.32,847.27,14.29,Hard close,5
