date,index,setup,direction,bias,gap_pct,signal_time,entry_time,entry_spot,entry_premium,sl_spot,lots,lot_size,quantity,exit_premium,gross_pnl,net_pnl,pnl_pct,exit_reason,dte
2024-01-05,NIFTY,VWAP,PUT,NEUTRAL,0.167,10:40:00,10:45:00,21705.35,166.97,21737.15,1,50,50,119.29,2284.02,2242.22,27.02,Hard close (14:30),6
2024-01-08,NIFTY,ORB,PUT,NEUTRAL,0.175,11:05:00,11:10:00,21615.5,117.58,21687.83,1,50,50,56.24,2967.09,2926.23,50.2,Hard close (14:30),3
2024-01-18,NIFTY,ORB,CALL,BEARISH,-0.756,11:55:00,12:00:00,21510.8,178.74,21442.09,1,50,50,191.84,-755.14,-798.03,-8.98,Hard close (14:30),7
2024-01-24,NIFTY,ORB,CALL,NEUTRAL,-0.272,11:20:00,11:25:00,21350.9,67.05,21241.01,1,50,50,110.16,-2255.31,-2296.98,-69.55,Short SL,1
2024-01-24,NIFTY,SMC,PUT,NEUTRAL,-0.272,13:15:00,13:20:00,21328.45,66.98,21344.8,1,50,50,91.08,-1305.2,-1346.58,-40.82,Hard close (14:30),1
2024-01-25,NIFTY,VWAP,CALL,NEUTRAL,-0.028,11:35:00,11:40:00,21346.85,177.37,21282.85,1,50,50,186.62,-562.54,-605.36,-6.86,Hard close (14:30),7
2024-01-29,NIFTY,ORB,CALL,NEUTRAL,0.292,10:35:00,10:40:00,21609.5,117.55,21522.7,1,50,50,50.77,3239.08,3198.3,54.88,Hard close (14:30),3
2024-01-30,NIFTY,VWAP,CALL,NEUTRAL,0.142,11:55:00,12:00:00,21731.4,96.52,21707.35,1,50,50,153.06,-2927.0,-2969.31,-62.17,Hard close (14:30),2
2024-01-31,NIFTY,ORB,CALL,NEUTRAL,-0.201,10:30:00,10:35:00,21628.25,67.92,21543.31,1,50,50,19.99,2296.45,2256.14,67.43,Short TP,1
2024-02-01,NIFTY,VWAP,PUT,BULLISH,0.333,11:15:00,11:20:00,21720.95,180.48,21787.25,1,50,50,149.85,1431.6,1389.33,15.48,Hard close (14:30),7
2024-02-02,NIFTY,ORB,CALL,BULLISH,0.565,11:10:00,11:15:00,21986.85,169.14,21918.01,1,50,50,199.26,-1606.06,-1649.06,-19.62,Hard close (14:30),6
2024-02-05,NIFTY,VWAP,PUT,BULLISH,0.31,13:25:00,13:30:00,21906.3,119.16,21934.4,1,50,50,84.5,1633.24,1591.96,26.95,Hard close (14:30),3
2024-02-07,NIFTY,ORB,PUT,BULLISH,0.484,11:30:00,11:35:00,21887.75,68.74,21991.52,1,50,50,84.3,-878.0,-919.28,-27.14,Hard close (14:30),1
2024-02-09,NIFTY,ORB,PUT,NEUTRAL,-0.15,11:00:00,11:05:00,21636.0,166.44,21699.26,1,50,50,202.53,-1904.4,-1947.45,-23.54,Hard close (14:30),6
2024-02-12,NIFTY,ORB,PUT,NEUTRAL,0.068,11:05:00,11:10:00,21707.3,118.08,21766.39,1,50,50,82.58,1675.2,1633.94,27.91,Hard close (14:30),3
2024-02-13,NIFTY,ORB,CALL,NEUTRAL,0.239,10:50:00,10:55:00,21738.15,96.55,21637.64,1,50,50,74.29,1012.98,971.85,20.34,Hard close (14:30),2
2024-02-15,NIFTY,PDH_PDL,PUT,NEUTRAL,0.265,10:55:00,11:00:00,21848.65,181.54,21904.91,1,50,50,172.05,374.41,331.82,3.68,Hard close (14:30),7
2024-02-21,NIFTY,PDH_PDL,PUT,NEUTRAL,0.183,10:10:00,10:15:00,22213.7,69.76,22232.57,1,50,50,15.76,2600.24,2559.99,74.46,Short TP,1
2024-02-22,NIFTY,ORB,PUT,NEUTRAL,0.24,10:55:00,11:00:00,21898.6,181.96,22003.47,1,50,50,235.65,-2784.54,-2828.09,-31.26,Hard close (14:30),7
2024-02-23,NIFTY,PDH_PDL,PUT,BULLISH,0.329,10:20:00,10:25:00,22237.9,171.07,22290.22,1,50,50,131.92,1857.35,1815.35,21.35,Hard close (14:30),6
2024-03-01,NIFTY,ORB,CALL,BULLISH,0.557,11:35:00,11:40:00,22286.4,171.44,22131.68,1,50,50,130.86,1929.08,1887.1,22.14,Hard close (14:30),6
2024-03-07,NIFTY,VWAP,CALL,NEUTRAL,0.112,11:00:00,11:05:00,22505.25,187.0,22450.85,1,50,50,156.22,1438.81,1396.45,15.02,Hard close (14:30),7
2024-03-12,NIFTY,VWAP,PUT,NEUTRAL,0.065,10:40:00,10:45:00,22350.55,99.27,22422.6,1,50,50,67.04,1511.67,1470.65,29.93,Hard close (14:30),2
2024-03-13,NIFTY,ORB,PUT,BULLISH,0.441,11:00:00,11:05:00,22245.8,69.86,22348.99,1,50,50,16.63,2561.75,2521.48,73.24,Short TP,1
2024-03-14,NIFTY,ORB,CALL,NEUTRAL,0.007,11:30:00,11:35:00,22136.35,183.93,21994.71,1,50,50,162.87,952.93,910.47,9.95,Hard close (14:30),7
2024-03-15,NIFTY,ORB,PUT,BEARISH,-0.398,10:55:00,11:00:00,21975.15,169.05,22046.98,1,50,50,146.86,1009.44,967.23,11.51,Hard close (14:30),6
2024-03-20,NIFTY,SMC,PUT,NEUTRAL,0.154,12:15:00,12:20:00,21860.95,68.66,21889.05,1,50,50,43.65,1150.6,1109.93,32.81,Hard close (14:30),1
2024-03-21,NIFTY,SMC,CALL,BULLISH,0.617,12:15:00,12:20:00,21985.75,182.68,21931.3,1,50,50,152.17,1425.33,1383.03,15.22,Hard close (14:30),7
2024-03-28,NIFTY,ORB,CALL,NEUTRAL,0.074,10:35:00,10:40:00,22348.05,185.69,22233.56,1,50,50,89.62,4703.68,4662.32,50.49,Hard close (14:30),7
2024-04-04,NIFTY,ORB,PUT,BULLISH,0.653,10:50:00,10:55:00,22315.4,185.42,22501.82,1,50,50,260.06,-3831.9,-3875.82,-42.03,Hard close (14:30),7
2024-04-12,NIFTY,PDH_PDL,CALL,NEUTRAL,-0.254,11:15:00,11:20:00,22687.25,174.53,22663.5,1,50,50,207.77,-1762.02,-1805.16,-20.81,Hard close (14:30),6
2024-04-19,NIFTY,ORB,CALL,BEARISH,-0.836,11:50:00,11:55:00,21905.5,168.51,21842.96,1,50,50,44.19,6115.85,6075.17,72.53,Short TP,6
2024-04-25,NIFTY,VWAP,PUT,BEARISH,-0.425,10:50:00,10:55:00,22347.8,185.69,22414.8,1,50,50,282.42,-4936.5,-4980.75,-53.94,Hard close (14:30),7
2024-05-06,NIFTY,VWAP,CALL,BULLISH,0.467,11:55:00,12:00:00,22519.35,122.5,22492.2,1,50,50,157.73,-1861.26,-1903.64,-31.34,Hard close (14:30),3
2024-05-07,NIFTY,SMC,CALL,NEUTRAL,0.141,10:55:00,11:00:00,22343.8,99.24,22288.9,1,50,50,106.83,-479.47,-521.09,-10.61,Hard close (14:30),2
2024-05-08,NIFTY,VWAP,CALL,BEARISH,-0.329,11:15:00,11:20:00,22287.8,70.0,22235.0,1,50,50,68.39,-19.49,-60.53,-1.75,Hard close (14:30),1
2024-05-09,NIFTY,SMC,CALL,BEARISH,-0.367,13:25:00,13:30:00,22048.9,183.21,22011.05,1,50,50,183.26,-102.64,-145.4,-1.6,Hard close (14:30),7
2024-05-15,NIFTY,VWAP,PUT,NEUTRAL,0.143,11:25:00,11:30:00,22176.55,69.65,22229.9,1,50,50,69.65,-99.8,-140.86,-4.1,Hard close (14:30),1
2024-05-16,NIFTY,ORB,PUT,BULLISH,0.49,10:45:00,10:50:00,22135.1,170.28,22264.44,1,50,50,161.59,334.48,292.04,3.45,Hard close (14:30),6
2024-05-23,NIFTY,ORB,CALL,NEUTRAL,-0.028,11:55:00,12:00:00,22760.5,71.48,22653.92,1,50,50,15.53,2697.4,2657.15,75.4,Short TP,1
2024-05-24,NIFTY,PDH_PDL,PUT,NEUTRAL,-0.088,10:25:00,10:30:00,22935.5,176.44,23035.21,1,50,50,159.18,763.01,720.61,8.21,Hard close (14:30),6
2024-05-29,NIFTY,SMC,PUT,BEARISH,-0.463,12:50:00,12:55:00,22765.2,71.5,22812.4,1,50,50,56.49,650.35,609.49,17.29,Hard close (14:30),1
2024-06-06,NIFTY,ORB,CALL,BULLISH,0.999,11:30:00,11:35:00,22830.15,189.7,22752.43,1,50,50,214.83,-1356.44,-1399.68,-14.83,Hard close (14:30),7
2024-06-07,NIFTY,ORB,CALL,NEUTRAL,-0.119,10:35:00,10:40:00,23041.65,177.25,22904.38,1,50,50,47.6,6382.49,6341.76,71.96,Short TP,6
2024-06-10,NIFTY,PDH_PDL,PUT,NEUTRAL,0.211,10:35:00,10:40:00,23321.9,126.86,23373.32,1,50,50,77.92,2347.16,2305.98,36.64,Hard close (14:30),3
2024-06-12,NIFTY,VWAP,PUT,BULLISH,0.355,11:25:00,11:30:00,23378.85,73.42,23421.35,1,50,50,49.68,1086.94,1046.18,28.89,Hard close (14:30),1
2024-06-19,NIFTY,ORB,PUT,NEUTRAL,0.287,10:55:00,11:00:00,23508.2,73.83,23561.72,1,50,50,118.0,-2308.25,-2350.04,-64.53,Hard close (14:30),1
2024-06-21,NIFTY,ORB,PUT,BULLISH,0.348,10:40:00,10:45:00,23544.8,181.12,23603.4,1,50,50,93.98,4257.0,4215.57,46.81,Hard close (14:30),6
2024-06-24,NIFTY,ORB,CALL,BEARISH,-0.302,11:00:00,11:05:00,23505.0,127.86,23412.44,1,50,50,105.58,1013.92,972.32,15.33,Hard close (14:30),3
2024-07-02,NIFTY,VWAP,PUT,BULLISH,0.438,11:40:00,11:45:00,24131.6,107.18,24162.7,1,50,50,96.32,442.94,401.48,7.56,Hard close (14:30),2
2024-07-08,NIFTY,PDH_PDL,PUT,NEUTRAL,0.052,10:30:00,10:35:00,24280.3,132.07,24382.42,1,50,50,121.68,419.44,377.6,5.76,Hard close (14:30),3
2024-07-12,NIFTY,ORB,CALL,NEUTRAL,0.203,10:55:00,11:00:00,24528.5,188.69,24411.26,1,50,50,142.17,2225.89,2183.74,23.27,Hard close (14:30),6
2024-07-18,NIFTY,VWAP,CALL,NEUTRAL,-0.233,12:10:00,12:15:00,24607.0,204.46,24559.0,1,50,50,98.12,5217.1,5175.61,50.88,Hard close (14:30),7
2024-07-22,NIFTY,ORB,CALL,BEARISH,-0.327,10:45:00,10:50:00,24593.6,133.78,24464.71,1,50,50,149.42,-882.1,-924.35,-13.92,Hard close (14:30),3
2024-07-23,NIFTY,VWAP,CALL,NEUTRAL,0.216,11:00:00,11:05:00,24508.8,108.85,24482.25,1,50,50,214.54,-5384.67,-5427.9,-100.66,Short SL,2
2024-07-29,NIFTY,VWAP,CALL,BULLISH,0.368,10:55:00,11:00:00,24930.7,135.61,24891.2,1,50,50,155.41,-1090.12,-1132.47,-16.83,Hard close (14:30),3
2024-07-30,NIFTY,ORB,CALL,NEUTRAL,-0.006,11:50:00,11:55:00,24923.7,110.7,24859.31,1,50,50,85.46,1162.18,1120.88,20.44,Hard close (14:30),2
2024-08-05,NIFTY,ORB,PUT,BEARISH,-1.606,10:45:00,10:50:00,24145.75,131.34,24239.76,1,50,50,12.94,5820.19,5779.98,88.69,Short TP,3
2024-08-05,NIFTY,ORB,PUT,BEARISH,-1.606,11:25:00,11:30:00,24005.95,130.58,24239.76,1,50,50,128.69,-5.54,-47.49,-0.73,Hard close (14:30),3
2024-08-09,NIFTY,PDH_PDL,PUT,BULLISH,1.196,10:20:00,10:25:00,24336.4,170.9,24366.58,1,50,50,149.55,967.74,925.48,10.89,Hard close (14:30),5
2024-08-16,NIFTY,VWAP,CALL,BULLISH,0.788,11:25:00,11:30:00,24313.3,187.04,24245.1,1,50,50,84.83,5010.59,4969.3,53.42,Hard close (14:30),6
2024-08-28,NIFTY,ORB,CALL,NEUTRAL,0.077,11:15:00,11:20:00,25065.85,78.72,25023.1,1,50,50,48.13,1429.63,1388.89,35.74,Hard close (14:30),1
2024-09-06,NIFTY,ORB,PUT,NEUTRAL,-0.203,11:05:00,11:10:00,24876.75,191.37,25081.08,1,50,50,139.53,2492.24,2450.14,25.74,Hard close (14:30),6
2024-09-09,NIFTY,ORB,CALL,NEUTRAL,-0.181,10:40:00,10:45:00,24888.65,135.38,24818.99,1,50,50,113.6,988.91,947.19,14.1,Hard close (14:30),3
2024-09-13,NIFTY,VWAP,PUT,BULLISH,0.456,13:15:00,13:20:00,25357.2,195.07,25386.2,1,50,50,185.85,361.25,318.44,3.28,Hard close (14:30),6
2024-09-19,NIFTY,ORB,PUT,BULLISH,0.567,11:25:00,11:30:00,25439.45,211.38,25518.93,1,50,50,165.33,2202.65,2160.16,20.54,Hard close (14:30),7
2024-09-20,NIFTY,ORB,CALL,BULLISH,0.318,10:35:00,10:40:00,25660.55,197.4,25511.47,1,50,50,156.74,1933.23,1890.87,19.26,Hard close (14:30),6
2024-10-01,NIFTY,ORB,PUT,NEUTRAL,-0.133,10:30:00,10:35:00,25760.85,114.41,25823.92,1,50,50,99.57,642.2,600.69,10.59,Hard close (14:30),2
2024-10-04,NIFTY,ORB,CALL,BEARISH,-0.333,11:55:00,12:00:00,25420.85,195.56,25229.9,1,50,50,298.89,-5266.53,-5311.02,-54.6,Short SL,6
2024-10-07,NIFTY,ORB,PUT,NEUTRAL,0.14,10:35:00,10:40:00,24972.15,135.84,25077.83,1,50,50,37.04,4840.18,4799.61,71.19,Short TP,3
2024-10-18,NIFTY,ORB,CALL,BEARISH,-0.344,10:30:00,10:35:00,24742.05,190.33,24656.76,1,50,50,95.68,4632.61,4591.16,48.5,Hard close (14:30),6
2024-10-22,NIFTY,ORB,PUT,NEUTRAL,0.239,11:55:00,12:00:00,24683.05,109.63,24784.96,1,50,50,43.27,3217.95,3177.29,58.5,Hard close (14:30),2
2024-10-23,NIFTY,ORB,CALL,BEARISH,-0.423,11:00:00,11:05:00,24587.85,77.22,24478.41,1,50,50,120.47,-2262.52,-2304.34,-60.47,Short SL,1
2024-10-25,NIFTY,ORB,PUT,NEUTRAL,0.014,10:50:00,10:55:00,24124.9,185.59,24350.76,1,50,50,138.76,2241.43,2199.33,23.83,Hard close (14:30),6
2024-10-28,NIFTY,ORB,CALL,NEUTRAL,0.162,11:10:00,11:15:00,24399.6,132.72,24248.73,1,50,50,116.3,720.91,679.15,10.31,Hard close (14:30),3
2024-10-29,NIFTY,VWAP,CALL,NEUTRAL,-0.159,11:35:00,11:40:00,24226.35,107.6,24180.15,1,50,50,25.95,3982.5,3942.1,73.96,Short TP,2
2024-10-30,NIFTY,ORB,CALL,BEARISH,-0.338,11:20:00,11:25:00,24466.2,76.84,24406.79,1,50,50,115.53,-2034.47,-2076.22,-54.75,Short SL,1
2024-11-04,NIFTY,ORB,PUT,NEUTRAL,0.063,11:00:00,11:05:00,23854.45,129.76,24134.33,1,50,50,154.07,-1315.39,-1357.72,-21.09,Hard close (14:30),3
2024-11-05,NIFTY,ORB,PUT,BEARISH,-0.31,11:40:00,11:45:00,23866.5,106.0,23943.93,1,50,50,187.02,-4151.2,-4194.02,-79.89,Short SL,2
2024-11-06,NIFTY,ORB,CALL,BULLISH,0.457,11:50:00,11:55:00,24424.65,76.71,24308.14,1,50,50,17.79,2846.03,2805.75,74.12,Short TP,1
2024-11-11,NIFTY,ORB,CALL,NEUTRAL,-0.096,11:10:00,11:15:00,24309.35,132.23,24111.6,1,50,50,205.12,-3744.37,-3787.47,-57.72,Short SL,3
2024-11-13,NIFTY,SMC,CALL,NEUTRAL,-0.086,13:10:00,13:15:00,23674.45,74.35,23622.05,1,50,50,118.2,-2292.4,-2334.19,-63.65,Hard close (14:30),1
2024-11-27,NIFTY,SMC,CALL,NEUTRAL,0.049,11:55:00,12:00:00,24192.8,75.98,24151.7,1,50,50,17.89,2804.45,2764.17,73.73,Short TP,1
2024-11-28,NIFTY,VWAP,PUT,NEUTRAL,-0.013,10:30:00,10:35:00,24225.65,201.29,24305.4,1,50,50,59.43,6993.09,6952.18,69.42,Short TP,7
2024-11-29,NIFTY,ORB,CALL,NEUTRAL,-0.126,10:30:00,10:35:00,24105.3,185.44,24012.69,1,50,50,130.53,2645.4,2603.43,28.23,Hard close (14:30),6
2024-12-03,NIFTY,SMC,PUT,BULLISH,0.38,11:55:00,12:00:00,24439.35,108.54,24449.7,1,50,50,103.82,135.91,94.33,1.75,Hard close (14:30),2
2024-12-04,NIFTY,VWAP,PUT,NEUTRAL,0.175,11:55:00,12:00:00,24416.35,76.68,24532.05,1,50,50,115.11,-2021.29,-2063.03,-54.52,Short SL,1
2024-12-05,NIFTY,ORB,PUT,BULLISH,0.317,10:55:00,11:00:00,24331.45,202.17,24476.64,1,50,50,317.54,-5868.61,-5913.39,-58.79,Short SL,7
2024-12-09,NIFTY,VWAP,PUT,NEUTRAL,-0.142,12:30:00,12:35:00,24636.2,134.01,24661.85,1,50,50,112.53,973.93,932.23,14.02,Hard close (14:30),3
2024-12-13,NIFTY,ORB,PUT,NEUTRAL,-0.168,10:30:00,10:35:00,24210.05,186.24,24422.24,1,50,50,338.84,-7729.81,-7774.9,-83.94,Short SL,6
2024-12-16,NIFTY,ORB,PUT,NEUTRAL,-0.113,11:10:00,11:15:00,24628.05,133.97,24711.32,1,50,50,129.88,104.41,62.44,0.94,Hard close (14:30),3
2024-12-19,NIFTY,SMC,PUT,BEARISH,-1.394,11:35:00,11:40:00,23986.35,199.3,24014.9,1,50,50,155.97,2066.47,2024.12,20.41,Hard close (14:30),7
2024-12-23,NIFTY,ORB,CALL,BULLISH,0.452,10:55:00,11:00:00,23825.35,129.6,23775.03,1,50,50,199.76,-3607.94,-3650.95,-56.78,Short SL,3
2024-12-24,NIFTY,ORB,CALL,NEUTRAL,0.092,10:40:00,10:45:00,23827.6,105.83,23771.56,1,50,50,132.75,-1446.04,-1488.05,-28.39,Hard close (14:30),2
2024-12-26,NIFTY,ORB,PUT,NEUTRAL,0.192,10:45:00,10:50:00,23713.0,197.03,23797.87,1,50,50,176.33,934.89,892.23,9.1,Hard close (14:30),7
2024-12-30,NIFTY,ORB,CALL,NEUTRAL,-0.149,10:45:00,10:50:00,23840.45,129.68,23785.89,1,50,50,195.48,-3390.11,-3433.05,-53.36,Short SL,3
2024-12-31,NIFTY,PDH_PDL,CALL,BEARISH,-0.414,11:40:00,11:45:00,23612.9,104.87,23567.69,1,50,50,82.78,1004.62,963.37,18.55,Hard close (14:30),2
2025-01-01,NIFTY,ORB,CALL,NEUTRAL,-0.132,10:45:00,10:50:00,23712.85,74.47,23658.04,1,50,50,14.98,2874.72,2834.48,77.16,Short TP,1
2025-01-02,NIFTY,ORB,CALL,NEUTRAL,0.102,10:45:00,10:50:00,23914.05,198.7,23814.9,1,50,50,49.61,7354.68,7313.92,73.99,Short TP,7
2025-01-06,NIFTY,ORB,PUT,NEUTRAL,0.232,11:10:00,11:15:00,23744.3,129.16,23990.41,1,50,50,38.5,4433.0,4392.4,68.55,Hard close (14:30),3
2025-01-07,NIFTY,SMC,PUT,NEUTRAL,0.213,13:30:00,13:35:00,23759.85,105.53,23771.95,1,50,50,76.85,1333.98,1292.82,24.74,Hard close (14:30),2
2025-01-08,NIFTY,ORB,PUT,NEUTRAL,0.22,11:20:00,11:25:00,23547.2,73.95,23664.24,1,50,50,111.52,-1978.56,-2020.25,-55.39,Short SL,1
2025-01-10,NIFTY,VWAP,PUT,NEUTRAL,-0.022,13:25:00,13:30:00,23488.65,180.69,23536.3,1,50,50,135.19,2175.18,2133.14,23.74,Hard close (14:30),6
2025-01-13,NIFTY,VWAP,PUT,BEARISH,-1.032,11:25:00,11:30:00,23240.8,126.42,23274.2,1,50,50,27.96,4822.94,4782.51,76.26,Hard close (14:30),3
2025-01-15,NIFTY,VWAP,PUT,NEUTRAL,0.188,11:30:00,11:35:00,23213.1,72.9,23248.95,1,50,50,40.92,1499.12,1458.49,40.57,Hard close (14:30),1
2025-01-17,NIFTY,ORB,PUT,BEARISH,-0.316,10:45:00,10:50:00,23149.15,178.08,23204.56,1,50,50,180.02,-197.08,-239.8,-2.71,Hard close (14:30),6
2025-01-22,NIFTY,VWAP,PUT,NEUTRAL,0.2,10:35:00,10:40:00,23074.25,72.47,23114.5,1,50,50,20.46,2500.66,2460.33,68.85,Short TP,1
2025-01-24,NIFTY,ORB,CALL,NEUTRAL,-0.14,11:40:00,11:45:00,23321.95,179.41,23257.77,1,50,50,234.35,-2847.1,-2890.63,-32.4,Hard close (14:30),6
2025-01-28,NIFTY,ORB,CALL,BULLISH,0.629,11:35:00,11:40:00,22997.3,102.14,22943.84,1,50,50,26.38,3687.78,3647.37,72.13,Hard close (14:30),2
2025-01-29,NIFTY,ORB,CALL,NEUTRAL,0.22,10:55:00,11:00:00,23122.75,72.62,23041.84,1,50,50,134.57,-3197.45,-3239.49,-90.46,Short SL,1
2025-02-01,NIFTY,SMC,PUT,NEUTRAL,-0.022,11:35:00,11:40:00,23587.4,165.64,23642.45,1,50,50,45.4,5912.14,5871.44,71.32,Short TP,5
2025-02-03,NIFTY,SMC,PUT,BEARISH,-0.749,13:00:00,13:05:00,23330.4,126.91,23348.9,1,50,50,130.75,-291.87,-333.85,-5.3,Hard close (14:30),3
2025-02-04,NIFTY,ORB,PUT,BULLISH,0.643,10:35:00,10:40:00,23426.45,104.05,23507.74,1,50,50,156.27,-2710.95,-2753.31,-53.44,Short SL,2
2025-02-04,NIFTY,ORB,CALL,BULLISH,0.643,11:45:00,11:50:00,23599.0,104.81,23545.46,1,50,50,61.12,2084.52,2043.59,39.37,Hard close (14:30),2
2025-02-05,NIFTY,SMC,CALL,BULLISH,0.397,11:20:00,11:25:00,23748.7,74.58,23703.55,1,50,50,65.17,370.29,329.3,8.95,Hard close (14:30),1
2025-02-11,NIFTY,SMC,CALL,NEUTRAL,0.032,13:15:00,13:20:00,23087.5,102.54,23012.45,1,50,50,119.5,-948.03,-989.84,-19.5,Hard close (14:30),2
2025-02-12,NIFTY,SMC,PUT,NEUTRAL,-0.085,12:30:00,12:35:00,23068.65,72.45,23097.6,1,50,50,14.82,2781.7,2741.46,76.74,Short TP,1
2025-02-14,NIFTY,ORB,PUT,BULLISH,0.335,10:35:00,10:40:00,22951.15,176.56,23045.15,1,50,50,125.99,2428.3,2386.39,27.19,Hard close (14:30),6
2025-02-19,NIFTY,ORB,CALL,BEARISH,-0.331,10:45:00,10:50:00,22994.0,72.21,22883.1,1,50,50,111.9,-2084.61,-2126.31,-59.72,Short SL,1
2025-02-21,NIFTY,ORB,PUT,NEUTRAL,-0.22,11:05:00,11:10:00,22744.05,174.96,22864.12,1,50,50,158.8,707.97,665.57,7.65,Hard close (14:30),6
2025-03-05,NIFTY,ORB,CALL,NEUTRAL,-0.033,11:35:00,11:40:00,22329.2,70.13,22195.48,1,50,50,70.03,-94.9,-135.96,-3.93,Hard close (14:30),1
2025-03-07,NIFTY,VWAP,PUT,NEUTRAL,-0.091,11:45:00,11:50:00,22549.75,173.47,22600.15,1,50,50,172.97,-75.24,-117.85,-1.37,Hard close (14:30),6
2025-03-12,NIFTY,ORB,PUT,NEUTRAL,0.063,10:45:00,10:50:00,22421.2,70.41,22488.29,1,50,50,83.93,-775.99,-817.27,-23.55,Hard close (14:30),1
2025-03-13,NIFTY,ORB,PUT,BULLISH,0.325,11:35:00,11:40:00,22431.5,186.39,22489.08,1,50,50,144.69,1984.92,1942.73,20.96,Hard close (14:30),7
2025-03-17,NIFTY,VWAP,CALL,NEUTRAL,-0.135,11:35:00,11:40:00,22522.55,122.51,22497.95,1,50,50,109.46,552.5,510.84,8.41,Hard close (14:30),3
2025-03-21,NIFTY,ORB,CALL,NEUTRAL,0.011,10:45:00,10:50:00,23341.75,179.56,23233.53,1,50,50,141.03,1826.34,1784.21,19.98,Hard close (14:30),6
2025-03-24,NIFTY,ORB,CALL,BULLISH,0.684,10:55:00,11:00:00,23625.25,128.51,23493.84,1,50,50,84.23,2114.03,2072.75,32.51,Hard close (14:30),3
2025-03-25,NIFTY,SMC,CALL,BULLISH,0.327,11:50:00,11:55:00,23677.4,105.16,23617.55,1,50,50,70.37,1639.28,1598.21,30.69,Hard close (14:30),2
2025-03-26,NIFTY,VWAP,PUT,BULLISH,0.402,11:00:00,11:05:00,23638.05,74.24,23682.0,1,50,50,21.07,2558.73,2518.4,68.77,Short TP,1
2025-03-26,NIFTY,SMC,CALL,BULLISH,0.402,13:50:00,13:55:00,23531.65,73.9,23490.6,1,50,50,73.94,-101.92,-143.04,-3.92,Hard close (14:30),1
2025-04-01,NIFTY,ORB,PUT,BEARISH,-0.656,10:55:00,11:00:00,23243.5,103.23,23406.92,1,50,50,46.22,2750.31,2709.6,53.01,Hard close (14:30),2
2025-04-08,NIFTY,ORB,PUT,BULLISH,0.939,10:30:00,10:35:00,22377.4,70.28,22485.99,1,50,50,120.51,-2611.48,-2653.3,-76.6,Short SL,1
2025-04-08,NIFTY,VWAP,CALL,BULLISH,0.939,11:45:00,11:50:00,22418.25,70.41,22353.65,1,50,50,1.87,3326.8,3286.76,94.71,Short TP,1
2025-04-17,NIFTY,ORB,CALL,NEUTRAL,-0.134,11:40:00,11:45:00,23598.85,196.09,23374.18,1,50,50,57.87,6811.21,6770.33,69.41,Short TP,7
2025-04-23,NIFTY,PDH_PDL,PUT,BULLISH,0.926,11:20:00,11:25:00,24180.75,75.94,24259.66,1,50,50,119.16,-2261.02,-2302.83,-61.46,Short SL,1
2025-05-07,NIFTY,PDH_PDL,CALL,BEARISH,-0.422,11:00:00,11:05:00,24362.55,76.51,24314.01,1,50,50,40.69,1691.02,1650.4,43.71,Hard close (14:30),1
2025-05-09,NIFTY,VWAP,CALL,BEARISH,-0.904,11:25:00,11:30:00,24093.0,185.34,24022.6,1,50,50,210.08,-1337.06,-1380.23,-14.97,Hard close (14:30),6
2025-05-15,NIFTY,VWAP,CALL,NEUTRAL,0.035,10:30:00,10:35:00,24620.8,204.58,24564.5,1,50,50,50.97,7580.71,7539.93,74.07,Short TP,7
2025-05-21,NIFTY,ORB,CALL,NEUTRAL,0.123,10:35:00,10:40:00,24932.95,78.3,24779.73,1,50,50,127.74,-2571.85,-2613.78,-67.63,Short SL,1
2025-05-23,NIFTY,ORB,CALL,NEUTRAL,0.01,10:45:00,10:50:00,24876.7,191.37,24733.58,1,50,50,165.41,1198.19,1155.69,12.14,Hard close (14:30),6
2025-05-26,NIFTY,VWAP,PUT,NEUTRAL,0.299,12:40:00,12:45:00,24967.35,135.81,25003.45,1,50,50,141.32,-375.41,-417.55,-6.19,Hard close (14:30),3
2025-05-27,NIFTY,VWAP,CALL,NEUTRAL,-0.159,11:00:00,11:05:00,24876.35,110.49,24772.6,1,50,50,169.58,-3054.7,-3097.26,-56.58,Short SL,2
2025-05-29,NIFTY,ORB,PUT,NEUTRAL,0.274,11:00:00,11:05:00,24715.75,205.37,24812.7,1,50,50,189.1,713.56,670.7,6.56,Hard close (14:30),7
2025-06-11,NIFTY,SMC,CALL,NEUTRAL,0.17,13:55:00,14:00:00,25144.85,78.97,25098.09,1,50,50,78.93,-98.21,-139.41,-3.58,Hard close (14:30),1
2025-06-12,NIFTY,ORB,PUT,NEUTRAL,0.15,10:40:00,10:45:00,25043.7,208.09,25128.83,1,50,50,109.4,4834.31,4792.65,46.29,Hard close (14:30),7
2025-06-16,NIFTY,ORB,CALL,NEUTRAL,-0.013,11:05:00,11:10:00,24926.1,135.59,24783.44,1,50,50,108.14,1272.7,1231.06,18.29,Hard close (14:30),3
2025-06-17,NIFTY,VWAP,PUT,NEUTRAL,0.148,10:45:00,10:50:00,24874.45,110.48,24901.3,1,50,50,87.51,1048.61,1007.28,18.4,Hard close (14:30),2
2025-06-18,NIFTY,SMC,CALL,NEUTRAL,-0.214,11:35:00,11:40:00,24798.75,77.88,24756.9,1,50,50,70.26,281.16,240.09,6.25,Hard close (14:30),1
2025-06-19,NIFTY,VWAP,PUT,NEUTRAL,0.018,10:30:00,10:35:00,24799.8,206.06,24838.3,1,50,50,182.15,1095.35,1052.6,10.27,Hard close (14:30),7
2025-07-03,NIFTY,SMC,PUT,NEUTRAL,0.245,11:25:00,11:30:00,25542.3,212.23,25586.92,1,50,50,128.31,4096.2,4054.26,38.39,Hard close (14:30),7
2025-07-09,NIFTY,VWAP,PUT,NEUTRAL,-0.033,13:00:00,13:05:00,25491.35,80.06,25531.85,1,50,50,56.86,1060.11,1019.24,25.78,Hard close (14:30),1
2025-07-18,NIFTY,ORB,PUT,NEUTRAL,-0.004,11:45:00,11:50:00,24947.5,191.91,25073.58,1,50,50,196.25,-317.23,-360.18,-3.77,Hard close (14:30),6
2025-07-30,NIFTY,VWAP,CALL,NEUTRAL,0.242,11:10:00,11:15:00,24847.3,78.03,24818.55,1,50,50,47.27,1437.87,1397.14,36.28,Hard close (14:30),1
2025-07-31,NIFTY,ORB,CALL,BEARISH,-0.814,11:00:00,11:05:00,24760.35,205.74,24700.76,1,50,50,124.78,3947.82,3905.93,38.16,Hard close (14:30),7
2025-09-10,NIFTY,VWAP,PUT,BULLISH,0.451,11:15:00,11:20:00,24981.35,78.46,25014.35,1,50,50,49.29,1358.54,1317.78,34.02,Hard close (14:30),1
2025-09-23,NIFTY,SMC,PUT,NEUTRAL,0.035,12:40:00,12:45:00,25186.2,111.86,25233.87,1,50,50,112.4,-126.75,-168.45,-3.04,Hard close (14:30),2
2025-09-30,NIFTY,ORB,PUT,NEUTRAL,0.058,10:35:00,10:40:00,24597.2,77.25,24671.22,1,50,50,70.44,240.7,199.63,5.24,Hard close (14:30),1
2025-10-01,NIFTY,ORB,CALL,NEUTRAL,-0.053,11:40:00,11:45:00,24776.05,77.81,24662.97,1,50,50,40.6,1760.41,1719.79,44.78,Hard close (14:30),1
2025-10-08,NIFTY,PDH_PDL,CALL,NEUTRAL,-0.132,13:30:00,13:35:00,25117.7,78.88,25061.84,1,50,50,105.63,-1437.59,-1479.19,-37.99,Hard close (14:30),1
2025-10-09,NIFTY,ORB,CALL,NEUTRAL,0.202,11:05:00,11:10:00,25151.65,208.99,25095.97,1,50,50,187.87,955.75,912.92,8.78,Hard close (14:30),7
2025-10-24,NIFTY,PDH_PDL,CALL,NEUTRAL,0.25,12:20:00,12:25:00,25867.85,198.99,25838.28,1,50,50,229.74,-1637.34,-1680.81,-16.98,Hard close (14:30),6
2025-10-28,NIFTY,ORB,PUT,NEUTRAL,-0.131,11:55:00,12:00:00,25848.75,114.8,25963.26,1,50,50,90.16,1131.97,1090.6,19.17,Hard close (14:30),2
2025-11-03,NIFTY,ORB,CALL,NEUTRAL,-0.139,10:35:00,10:40:00,25758.85,140.12,25711.12,1,50,50,107.19,1546.27,1504.64,21.63,Hard close (14:30),3
2025-11-06,NIFTY,PDH_PDL,CALL,NEUTRAL,0.028,12:45:00,12:50:00,25598.7,212.7,25557.5,1,50,50,216.29,-279.54,-322.8,-3.05,Hard close (14:30),7
2025-11-17,NIFTY,PDH_PDL,PUT,NEUTRAL,0.121,10:25:00,10:30:00,25939.95,141.1,25960.14,1,50,50,144.72,-281.15,-323.33,-4.62,Hard close (14:30),3
2025-11-25,NIFTY,SMC,PUT,NEUTRAL,0.213,13:05:00,13:10:00,26002.35,115.49,26016.8,1,50,50,86.3,1359.37,1318.06,23.02,Hard close (14:30),2
2025-11-26,NIFTY,ORB,CALL,NEUTRAL,-0.067,10:45:00,10:50:00,26123.5,82.04,25970.94,1,50,50,42.49,1877.62,1836.96,45.33,Hard close (14:30),1
2025-12-10,NIFTY,VWAP,PUT,NEUTRAL,0.086,10:45:00,10:50:00,25890.45,81.31,25923.35,1,50,50,18.36,3047.72,3007.43,74.9,Short TP,1
2025-12-18,NIFTY,PDH_PDL,CALL,NEUTRAL,-0.221,10:05:00,10:10:00,25775.25,198.28,25754.47,1,50,50,150.42,2293.05,2250.78,22.82,Hard close (14:30),6
2026-01-08,NIFTY,ORB,PUT,NEUTRAL,-0.139,11:20:00,11:25:00,25970.1,215.79,26074.85,1,50,50,169.9,2194.57,2152.0,20.04,Hard close (14:30),7
2026-01-09,NIFTY,ORB,PUT,NEUTRAL,-0.11,11:35:00,11:40:00,25761.45,198.18,25855.02,1,50,50,126.6,3479.15,3437.23,34.86,Hard close (14:30),6
2026-01-12,NIFTY,ORB,PUT,NEUTRAL,-0.135,11:30:00,11:35:00,25475.65,138.58,25580.62,1,50,50,217.32,-4036.94,-4080.22,-59.31,Short SL,3
2026-01-14,NIFTY,ORB,CALL,NEUTRAL,-0.255,11:25:00,11:30:00,25770.7,80.93,25716.82,1,50,50,121.77,-2141.92,-2183.76,-54.64,Short SL,1
2026-01-21,NIFTY,ORB,PUT,BEARISH,-0.334,10:40:00,10:45:00,25029.1,78.6,25174.43,1,50,50,126.22,-2481.23,-2523.14,-65.03,Short SL,1
2026-01-21,NIFTY,PDH_PDL,CALL,BEARISH,-0.334,13:35:00,13:40:00,25211.45,79.18,25129.98,1,50,50,120.86,-2183.85,-2225.68,-56.94,Short SL,1
2026-01-22,NIFTY,ORB,PUT,BULLISH,0.699,10:55:00,11:00:00,25221.95,209.57,25339.42,1,50,50,203.8,188.41,145.34,1.39,Hard close (14:30),7
2026-01-27,NIFTY,PDH_PDL,CALL,NEUTRAL,-0.006,12:50:00,12:55:00,25094.0,111.45,24993.03,1,50,50,127.91,-922.96,-964.9,-17.47,Hard close (14:30),2
2026-01-28,NIFTY,PDH_PDL,PUT,NEUTRAL,0.098,13:20:00,13:25:00,25239.25,79.26,25278.06,1,50,50,68.3,447.9,406.86,10.4,Hard close (14:30),1
2026-01-30,NIFTY,VWAP,PUT,BEARISH,-0.687,13:00:00,13:05:00,25276.6,194.45,25306.15,1,50,50,202.95,-525.2,-568.26,-5.88,Hard close (14:30),6
2026-02-01,NIFTY,ORB,CALL,NEUTRAL,0.071,11:05:00,11:10:00,25415.85,159.64,25315.47,1,50,50,246.71,-4453.69,-4497.41,-56.7,Short SL,4
2026-02-02,NIFTY,VWAP,CALL,NEUTRAL,0.115,11:30:00,11:35:00,24827.65,135.05,24722.05,1,50,50,66.24,3340.51,3299.5,49.23,Hard close (14:30),3
2026-02-10,NIFTY,VWAP,PUT,NEUTRAL,0.229,13:15:00,13:20:00,25948.6,115.25,25982.25,1,50,50,97.07,808.83,767.36,13.43,Hard close (14:30),2
2026-02-17,NIFTY,SMC,PUT,NEUTRAL,-0.173,13:05:00,13:10:00,25760.05,114.41,25771.9,1,50,50,76.36,1802.29,1761.13,31.06,Hard close (14:30),2
2026-02-24,NIFTY,SMC,CALL,NEUTRAL,-0.242,13:35:00,13:40:00,25377.65,112.71,25317.45,1,50,50,98.57,607.02,565.53,10.12,Hard close (14:30),2
2026-03-05,NIFTY,VWAP,CALL,BULLISH,0.58,10:35:00,10:40:00,24627.85,204.64,24559.7,1,50,50,191.31,566.35,523.46,5.14,Hard close (14:30),7
2026-03-06,NIFTY,VWAP,PUT,BEARISH,-0.328,10:30:00,10:35:00,24618.6,189.38,24652.7,1,50,50,139.66,2386.18,2344.07,24.89,Hard close (14:30),6
2026-03-09,NIFTY,SMC,PUT,BEARISH,-2.458,13:30:00,13:35:00,23911.35,130.07,23947.55,1,50,50,122.11,297.78,255.93,3.97,Hard close (14:30),3
2026-03-10,NIFTY,VWAP,PUT,BULLISH,1.146,12:10:00,12:15:00,24173.1,107.36,24215.9,1,50,50,115.06,-485.12,-526.87,-9.91,Hard close (14:30),2
2026-03-11,NIFTY,ORB,PUT,NEUTRAL,-0.224,10:35:00,10:40:00,24087.0,75.65,24210.62,1,50,50,20.44,2660.39,2620.07,70.2,Short TP,1
2026-03-12,NIFTY,ORB,CALL,BEARISH,-0.727,10:55:00,11:00:00,23741.6,197.27,23650.49,1,50,50,166.7,1428.37,1385.85,14.12,Hard close (14:30),7
2026-03-16,NIFTY,ORB,PUT,NEUTRAL,-0.237,10:50:00,10:55:00,22987.35,125.04,23153.99,1,50,50,222.71,-4983.65,-5027.01,-81.05,Short SL,3
2026-03-19,NIFTY,VWAP,CALL,BEARISH,-2.383,12:45:00,12:50:00,23271.5,193.37,23233.8,1,50,50,250.79,-2970.78,-3014.55,-31.34,Hard close (14:30),7
2026-03-20,NIFTY,VWAP,PUT,NEUTRAL,0.097,11:50:00,11:55:00,23249.55,178.85,23288.75,1,50,50,123.04,2690.69,2648.83,29.79,Hard close (14:30),6
2026-03-23,NIFTY,ORB,PUT,BEARISH,-1.341,11:05:00,11:10:00,22560.8,122.72,22699.69,1,50,50,88.38,1617.05,1575.71,25.89,Hard close (14:30),3
2026-03-24,NIFTY,ORB,PUT,BULLISH,1.715,10:30:00,10:35:00,22665.6,100.67,22782.24,1,50,50,152.23,-2678.23,-2720.53,-54.59,Short SL,2
2026-03-24,NIFTY,SMC,PUT,BULLISH,1.715,12:25:00,12:30:00,22844.15,101.46,22946.5,1,50,50,153.77,-2715.41,-2757.73,-54.9,Short SL,2
2026-03-25,NIFTY,ORB,CALL,BULLISH,0.462,10:40:00,10:45:00,23366.25,73.38,23213.6,1,50,50,78.42,-351.79,-392.98,-10.86,Hard close (14:30),1
2026-03-27,NIFTY,SMC,PUT,BEARISH,-0.581,13:15:00,13:20:00,22970.9,176.71,23002.95,1,50,50,109.89,3241.05,3199.39,36.42,Hard close (14:30),6
2026-04-01,NIFTY,VWAP,CALL,BULLISH,2.323,12:00:00,12:05:00,22834.55,71.71,22774.1,1,50,50,147.97,-3912.83,-3955.07,-111.87,Short SL,1
2026-04-06,NIFTY,SMC,PUT,BULLISH,0.351,12:20:00,12:25:00,22702.0,123.49,22741.1,1,50,50,197.97,-3824.2,-3867.19,-63.14,Short SL,3
2026-04-15,NIFTY,SMC,PUT,BULLISH,1.448,13:20:00,13:25:00,24197.25,75.99,24248.55,1,50,50,89.84,-792.26,-833.63,-22.23,Hard close (14:30),1
2026-04-16,NIFTY,ORB,PUT,BULLISH,0.716,11:55:00,12:00:00,24196.3,201.05,24329.62,1,50,50,192.22,341.63,298.73,2.99,Hard close (14:30),7
2026-04-17,NIFTY,ORB,CALL,NEUTRAL,-0.093,11:50:00,11:55:00,24316.05,187.06,24193.74,1,50,50,164.02,1051.77,1009.29,10.85,Hard close (14:30),6
