date,index,direction,sweep_time,level_price,level_kind,wick_pts,rr,adx,trend,entry_spot,sl_spot,tp_spot,entry_premium,exit_premium,lots,lot_size,quantity,gross_pnl,net_pnl,pnl_pct,exit_reason,dte
2024-01-01,NIFTY,PUT,11:35:00,21737.35,OR_H,11.45,2.7,9.2,BULL,21734.15,21755.32,21676.9,118.22,118.05,3,50,150,-625.33,-670.55,-3.78,No-run exit,3
2024-01-03,NIFTY,CALL,12:55:00,21555.65,PDL,13.35,2.0,17.6,NEUTRAL,21562.0,21535.84,21614.33,67.72,71.11,3,50,150,-92.21,-135.32,-1.33,No-run exit,1
2024-01-08,NIFTY,PUT,11:55:00,21584.4,SWING_H,45.35,2.0,11.9,BULL,21557.1,21636.24,21398.82,117.26,109.01,1,50,50,-612.59,-654.19,-11.16,No-run exit,3
2024-01-10,NIFTY,CALL,09:40:00,21517.85,PDL,18.1,2.0,27.9,BEAR,21558.25,21493.3,21688.15,67.7,71.1,1,50,50,-29.96,-71.0,-2.1,No-run exit,1
2024-01-12,NIFTY,PUT,11:05:00,21834.35,SWING_H,13.85,2.0,20.3,BULL,21823.4,21854.75,21760.69,167.88,156.65,2,50,100,-1523.23,-1567.87,-9.34,No-run exit,6
2024-01-16,NIFTY,CALL,13:55:00,22029.2,OR_L,24.85,2.0,24.6,BULL,22043.85,21997.75,22136.05,97.91,94.11,1,50,50,-389.85,-431.23,-8.81,No-run exit,2
2024-01-17,NIFTY,PUT,10:40:00,21749.6,SWING_H,26.85,2.0,27.1,NEUTRAL,21738.7,21782.98,21650.13,68.27,65.68,1,50,50,-329.58,-370.53,-10.85,No-run exit,1
2024-01-19,NIFTY,CALL,11:50:00,21597.3,OR_L,12.3,2.67,29.5,NEUTRAL,21600.6,21578.52,21659.65,166.17,157.33,3,50,150,-1926.43,-1973.42,-7.92,No-run exit,6
2024-01-20,NIFTY,CALL,10:15:00,21629.2,SWING_L,24.9,2.0,14.7,BULL,21646.15,21597.82,21742.81,152.01,157.93,1,50,50,96.17,53.83,0.71,No-run exit,5
2024-01-23,NIFTY,PUT,10:05:00,21663.35,SWING_H,14.05,2.0,23.1,BEAR,21650.1,21683.9,21582.49,96.16,133.66,2,50,100,3349.85,3305.9,34.38,Target hit,2
2024-01-25,NIFTY,CALL,11:20:00,21285.55,SWING_L,26.8,2.0,27.3,NEUTRAL,21303.0,21252.37,21404.26,177.01,170.25,1,50,50,-538.21,-580.74,-6.56,No-run exit,7
2024-01-30,NIFTY,CALL,10:55:00,21696.05,OR_L,13.1,1.99,53.8,BULL,21705.45,21676.45,21763.25,96.4,73.61,2,50,100,-2678.8,-2720.94,-28.23,SL hit,2
2024-01-31,NIFTY,CALL,10:05:00,21552.75,SWING_L,21.55,2.0,26.7,NEUTRAL,21594.55,21524.74,21734.17,67.82,90.65,1,50,50,941.27,899.94,26.54,Hard close,1
2024-02-01,NIFTY,PUT,11:05:00,21813.05,WEEK_H,19.9,2.0,6.4,BULL,21790.5,21839.5,21692.5,181.06,193.75,1,50,50,434.38,391.5,4.32,No-run exit,7
2024-02-02,NIFTY,PUT,12:10:00,22069.4,SWING_H,21.8,2.0,15.1,NEUTRAL,22058.8,22097.83,21980.75,169.69,227.01,1,50,50,2665.87,2622.49,30.91,Target hit,6
2024-02-05,NIFTY,PUT,12:05:00,21921.15,OR_H,12.45,1.56,13.0,NEUTRAL,21904.25,21940.18,21848.2,119.15,114.18,2,50,100,-896.91,-940.28,-7.89,No-run exit,3
2024-02-06,NIFTY,CALL,09:35:00,21810.65,SWING_L,21.05,2.0,17.6,BEAR,21845.85,21783.06,21971.42,97.03,98.74,1,50,50,-114.69,-156.14,-3.22,No-run exit,2
2024-02-08,NIFTY,CALL,10:20:00,21900.0,ROUND,17.85,2.0,11.7,BULL,21919.55,21875.59,22007.48,182.13,131.6,1,50,50,-2726.65,-2768.59,-30.4,SL hit,7
2024-02-09,NIFTY,PUT,10:20:00,21739.75,SWING_H,10.95,2.0,38.0,BEAR,21727.05,21757.23,21666.7,167.14,204.84,2,50,100,3370.35,3324.27,19.89,Target hit,6
2024-02-12,NIFTY,PUT,09:40:00,21804.45,PDH,12.8,2.0,16.4,NEUTRAL,21744.65,21823.8,21586.36,118.28,127.0,1,50,50,236.1,194.23,3.28,No-run exit,3
2024-02-13,NIFTY,PUT,11:20:00,21739.75,SWING_H,26.7,2.0,34.7,BEAR,21731.65,21772.98,21648.99,96.52,96.11,1,50,50,-220.36,-261.77,-5.42,No-run exit,2
2024-02-14,NIFTY,CALL,12:30:00,21655.25,SWING_L,31.7,2.0,13.8,BULL,21667.85,21617.06,21769.42,68.05,72.12,1,50,50,3.43,-37.62,-1.11,No-run exit,1
2024-02-15,NIFTY,PUT,09:55:00,21870.85,PDH,15.55,2.0,19.1,BULL,21808.35,21892.97,21639.12,181.21,102.03,1,50,50,-4158.82,-4200.33,-46.36,SL hit (theta),7
2024-02-19,NIFTY,PUT,09:45:00,22068.65,PDH,15.4,2.96,20.0,BULL,22059.95,22090.68,21968.95,120.0,112.85,2,50,100,-1115.5,-1158.82,-9.66,No-run exit,3
2024-02-21,NIFTY,PUT,10:15:00,22215.6,PDH,31.95,2.0,17.8,BULL,22208.9,22254.22,22118.25,69.75,70.57,1,50,50,-159.06,-200.08,-5.74,No-run exit,1
2024-02-22,NIFTY,CALL,09:45:00,22045.85,SWING_L,60.9,2.0,26.0,BEAR,22055.55,21978.35,22209.94,183.26,127.19,1,50,50,-3003.67,-3045.55,-33.24,SL hit,7
2024-02-23,NIFTY,PUT,10:25:00,22252.5,PDH,28.25,2.0,31.6,NEUTRAL,22227.8,22287.43,22108.53,170.99,165.4,1,50,50,-479.31,-521.76,-6.1,No-run exit,6
2024-02-28,NIFTY,CALL,10:05:00,22188.45,OR_L,20.25,2.0,13.0,BULL,22224.15,22161.55,22349.35,69.8,43.75,1,50,50,-1502.47,-1543.09,-44.21,SL hit (theta),1
2024-03-05,NIFTY,CALL,11:45:00,22319.55,OR_L,15.2,2.0,18.9,NEUTRAL,22326.15,22297.66,22383.13,99.16,102.4,2,50,100,-76.01,-119.02,-1.2,No-run exit,2
2024-03-06,NIFTY,PUT,09:50:00,22353.8,OR_H,15.65,2.0,11.9,NEUTRAL,22310.1,22376.16,22177.98,70.07,68.43,1,50,50,-281.91,-322.91,-9.22,No-run exit,1
2024-03-11,NIFTY,CALL,10:55:00,22430.0,PDL,18.7,1.9,23.5,NEUTRAL,22446.3,22404.58,22525.65,122.1,113.9,1,50,50,-609.9,-651.58,-10.67,No-run exit,3
2024-03-12,NIFTY,PUT,10:45:00,22369.85,OR_H,52.75,2.0,28.3,BEAR,22298.75,22429.33,22037.6,99.04,63.45,1,50,50,-1979.4,-2020.32,-40.8,SL hit (theta),2
2024-03-13,NIFTY,PUT,13:35:00,22100.0,ROUND,18.9,2.0,28.3,BEAR,22073.1,22125.54,21968.23,69.32,122.94,1,50,50,2481.01,2439.2,70.38,Target hit,1
2024-03-14,NIFTY,PUT,10:15:00,22015.1,OR_H,13.45,1.67,50.3,BEAR,22004.2,22035.16,21952.5,182.84,158.96,2,50,100,-2788.28,-2832.99,-15.49,SL hit,7
2024-03-15,NIFTY,PUT,11:00:00,21981.8,SWING_H,17.15,2.0,10.8,NEUTRAL,21963.9,22005.55,21880.6,168.96,166.79,1,50,50,-308.58,-351.05,-4.16,No-run exit,6
2024-03-18,NIFTY,CALL,09:50:00,21953.7,OR_L,17.75,2.0,12.9,BEAR,21985.5,21929.37,22097.76,119.59,119.33,1,50,50,-213.12,-254.88,-4.26,No-run exit,3
2024-03-19,NIFTY,PUT,11:40:00,21832.95,SWING_H,22.2,2.0,12.0,NEUTRAL,21810.85,21861.71,21709.14,96.87,63.78,1,50,50,-1854.29,-1895.21,-39.13,SL hit,2
2024-03-21,NIFTY,PUT,11:40:00,22052.85,SWING_H,11.65,2.0,6.4,NEUTRAL,22029.05,22071.12,21944.91,183.04,189.23,1,50,50,109.69,66.88,0.73,No-run exit,7
2024-03-22,NIFTY,CALL,09:35:00,21905.65,SWING_L,22.35,2.0,8.7,BULL,21958.15,21876.74,22120.98,168.92,208.24,1,50,50,1766.19,1723.1,20.4,Target hit,6
2024-03-28,NIFTY,CALL,09:45:00,22256.0,SWING_L,35.35,2.0,27.2,NEUTRAL,22298.45,22213.98,22467.38,185.28,187.33,1,50,50,-97.44,-140.22,-1.51,No-run exit,7
2024-04-01,NIFTY,PUT,09:40:00,22516.0,PDH,13.95,2.0,44.6,NEUTRAL,22482.6,22536.71,22374.38,122.3,113.61,1,50,50,-634.53,-676.21,-11.06,No-run exit,3
2024-04-02,NIFTY,PUT,09:50:00,22468.1,OR_H,15.6,2.0,6.9,BULL,22445.7,22490.45,22356.21,99.69,104.44,1,50,50,37.48,-4.05,-0.08,No-run exit,2
2024-04-03,NIFTY,CALL,09:55:00,22388.15,PDL,16.55,2.0,24.1,BULL,22392.9,22364.89,22448.92,70.33,102.73,2,50,100,2839.78,2796.76,39.77,Target hit,1
2024-04-04,NIFTY,PUT,09:55:00,22426.05,SWING_H,59.2,2.0,14.4,NEUTRAL,22401.3,22492.0,22219.91,186.13,172.57,1,50,50,-878.12,-920.68,-9.89,No-run exit,7
2024-04-05,NIFTY,PUT,11:25:00,22496.35,OR_H,15.55,1.9,12.9,BULL,22487.25,22518.65,22427.6,172.99,162.13,2,50,100,-1486.2,-1531.01,-8.85,No-run exit,6
2024-04-08,NIFTY,PUT,10:20:00,22619.0,WEEK_H,11.9,2.0,8.3,BULL,22614.7,22637.69,22568.72,123.01,117.36,2,50,100,-965.27,-1008.73,-8.2,No-run exit,3
2024-04-10,NIFTY,PUT,13:50:00,22726.6,OR_H,18.7,2.0,20.7,NEUTRAL,22720.15,22752.12,22656.2,71.35,56.15,2,50,100,-1919.99,-1961.62,-27.49,Hard close,1
2024-04-15,NIFTY,PUT,10:25:00,22373.55,OR_H,11.85,2.74,50.1,BEAR,22368.15,22392.12,22302.5,121.67,101.01,2,50,100,-2465.69,-2508.66,-20.62,SL hit,3
2024-04-18,NIFTY,PUT,09:40:00,22213.75,PDH,27.8,2.0,49.5,NEUTRAL,22200.45,22248.22,22104.91,184.47,191.24,1,50,50,138.57,95.73,1.04,No-run exit,7
2024-04-19,NIFTY,PUT,10:25:00,21866.45,OR_H,23.4,2.0,38.2,BEAR,21856.8,21896.42,21777.57,168.14,163.54,1,50,50,-430.13,-472.55,-5.62,No-run exit,6
2024-04-22,NIFTY,CALL,10:15:00,22239.6,OR_L,19.9,2.0,17.2,NEUTRAL,22259.2,22213.03,22351.53,121.08,115.55,1,50,50,-476.69,-518.39,-8.56,No-run exit,3
2024-04-25,NIFTY,CALL,09:40:00,22384.0,PDL,22.35,2.28,20.9,NEUTRAL,22391.95,22354.94,22476.45,186.06,200.12,1,50,50,503.2,460.23,4.95,No-run exit,7
2024-05-02,NIFTY,PUT,09:50:00,22662.2,OR_H,12.15,2.0,28.7,NEUTRAL,22639.0,22681.15,22554.7,188.11,174.4,1,50,50,-885.49,-928.07,-9.87,No-run exit,7
2024-05-03,NIFTY,CALL,10:45:00,22612.25,SWING_L,19.15,2.0,8.6,NEUTRAL,22619.65,22586.32,22686.31,174.01,145.91,1,50,50,-1604.76,-1646.92,-18.93,SL hit,6
2024-05-06,NIFTY,PUT,09:35:00,22577.15,OR_H,11.65,2.0,34.8,BEAR,22485.9,22595.58,22266.55,122.31,128.48,1,50,50,108.67,66.77,1.09,No-run exit,3
2024-05-07,NIFTY,PUT,09:50:00,22446.75,SWING_H,36.05,2.0,7.9,BEAR,22425.3,22489.54,22296.81,99.6,158.94,1,50,50,2767.2,2724.84,54.72,Target hit,2
2024-05-08,NIFTY,CALL,09:35:00,22232.05,PDL,15.2,2.0,27.1,BEAR,22262.5,22210.18,22367.13,69.92,71.72,1,50,50,-110.08,-151.13,-4.32,No-run exit,1
2024-05-09,NIFTY,CALL,11:35:00,22148.0,SWING_L,22.55,2.0,10.1,NEUTRAL,22163.9,22118.81,22254.08,184.16,176.15,1,50,50,-600.39,-643.0,-6.98,No-run exit,7
2024-05-13,NIFTY,CALL,11:35:00,21950.3,PDL,17.35,2.0,19.6,NEUTRAL,21979.85,21926.37,22086.81,119.56,114.99,1,50,50,-428.29,-469.98,-7.86,No-run exit,3
2024-05-14,NIFTY,PUT,09:50:00,22131.65,PDH,13.95,2.0,12.1,BULL,22121.95,22152.24,22061.36,98.25,103.13,1,50,50,44.18,2.67,0.05,No-run exit,2
2024-05-16,NIFTY,PUT,09:35:00,22297.55,PDH,19.1,2.0,8.1,BULL,22260.35,22323.34,22134.36,171.24,173.04,1,50,50,-109.77,-152.34,-1.78,No-run exit,6
2024-05-17,NIFTY,CALL,09:55:00,22372.75,SWING_L,21.1,2.0,18.5,BULL,22407.05,22344.94,22531.26,157.35,164.92,1,50,50,178.3,135.85,1.73,No-run exit,5
2024-05-27,NIFTY,CALL,10:25:00,22974.55,OR_L,32.75,2.0,36.0,NEUTRAL,22984.4,22934.92,23083.37,125.03,131.25,1,50,50,111.13,69.19,1.11,No-run exit,3
2024-05-28,NIFTY,CALL,09:45:00,22957.5,OR_L,15.65,2.0,34.5,NEUTRAL,22971.15,22934.97,23043.52,102.02,81.7,1,50,50,-1216.09,-1257.28,-24.65,SL hit,2
2024-05-31,NIFTY,PUT,09:55:00,22602.25,SWING_H,22.6,2.0,35.9,NEUTRAL,22576.9,22631.64,22467.43,173.68,185.47,1,50,50,389.64,346.89,3.99,No-run exit,6
2024-06-03,NIFTY,CALL,09:50:00,23082.7,OR_L,20.4,2.0,11.5,NEUTRAL,23128.1,23055.38,23273.54,125.81,128.25,1,50,50,-77.98,-119.87,-1.91,No-run exit,3
2024-06-04,NIFTY,CALL,09:35:00,22479.4,OR_L,89.55,2.0,54.2,BULL,22652.9,22383.13,23192.43,100.61,100.59,1,50,50,-201.08,-242.55,-4.82,No-run exit,2
2024-06-05,NIFTY,PUT,10:20:00,22052.85,SWING_H,23.75,2.0,40.5,BEAR,21987.15,22083.22,21795.0,69.05,40.03,1,50,50,-1650.87,-1691.44,-48.99,SL hit (theta),1
2024-06-06,NIFTY,PUT,09:40:00,22756.1,SWING_H,20.7,2.0,10.6,BULL,22732.8,22783.63,22631.13,188.89,159.88,1,50,50,-1650.6,-1692.97,-17.93,SL hit,7
2024-06-07,NIFTY,CALL,11:50:00,23161.0,SWING_L,36.9,2.0,6.4,BULL,23208.3,23117.16,23390.57,178.54,167.42,1,50,50,-756.17,-798.65,-8.95,No-run exit,6
2024-06-11,NIFTY,CALL,09:45:00,23227.15,PDL,14.85,2.0,23.0,NEUTRAL,23263.9,23205.34,23381.03,103.32,139.11,1,50,50,1589.39,1547.34,29.95,Target hit,2
2024-06-14,NIFTY,CALL,09:50:00,23353.9,PDL,15.15,2.0,11.1,BULL,23381.8,23331.75,23481.9,179.87,190.69,1,50,50,341.05,298.21,3.32,No-run exit,6
2024-06-19,NIFTY,PUT,10:00:00,23579.05,PDH,16.65,2.15,15.7,BULL,23570.1,23602.78,23499.7,74.02,124.04,1,50,50,2300.81,2258.98,61.04,Target hit,1
2024-06-20,NIFTY,CALL,10:25:00,23513.5,SWING_L,18.5,1.74,9.8,NEUTRAL,23524.4,23487.95,23587.7,195.47,197.05,1,50,50,-120.97,-163.9,-1.68,No-run exit,7
2024-06-21,NIFTY,CALL,09:55:00,23594.1,OR_L,27.05,2.0,16.5,BULL,23609.65,23559.98,23708.99,181.62,177.07,1,50,50,-427.27,-469.9,-5.17,No-run exit,6
2024-06-24,NIFTY,CALL,09:50:00,23398.2,PDL,15.25,2.0,13.8,BEAR,23414.0,23375.94,23490.13,127.36,165.32,1,50,50,1697.82,1655.37,26.0,Target hit,3
2024-06-25,NIFTY,PUT,09:55:00,23603.65,OR_H,13.7,2.0,13.5,BULL,23574.75,23624.44,23475.38,104.7,103.83,1,50,50,-243.36,-284.89,-5.44,No-run exit,2
2024-06-26,NIFTY,CALL,09:35:00,23689.3,OR_L,18.85,2.0,49.0,BULL,23708.25,23663.35,23798.05,74.46,69.98,1,50,50,-424.25,-465.27,-12.5,No-run exit,1
2024-07-04,NIFTY,PUT,10:20:00,24372.15,OR_H,13.85,2.0,20.8,BULL,24346.4,24393.32,24252.57,202.3,212.52,1,50,50,311.15,267.99,2.65,No-run exit,7
2024-07-05,NIFTY,CALL,09:35:00,24183.85,OR_L,13.5,1.62,10.8,NEUTRAL,24200.5,24163.1,24260.95,186.17,185.46,1,50,50,-235.26,-278.01,-2.99,No-run exit,6
2024-07-08,NIFTY,CALL,11:50:00,24283.1,OR_L,13.15,1.93,25.5,NEUTRAL,24296.95,24262.67,24363.0,132.17,108.0,1,50,50,-1408.34,-1449.93,-21.94,SL hit,3
2024-07-10,NIFTY,CALL,10:45:00,24168.85,WEEK_L,27.05,2.0,42.1,BULL,24194.45,24134.56,24314.24,75.98,79.5,1,50,50,-23.91,-65.08,-1.71,No-run exit,1
2024-07-11,NIFTY,CALL,09:45:00,24335.55,OR_L,15.25,2.0,23.5,NEUTRAL,24352.8,24313.0,24432.39,202.35,165.02,1,50,50,-2066.4,-2108.85,-20.84,SL hit,7
2024-07-12,NIFTY,PUT,09:55:00,24402.65,PDH,20.3,2.0,12.9,BULL,24381.65,24430.28,24284.4,187.56,183.9,1,50,50,-382.96,-425.69,-4.54,No-run exit,6
2024-07-15,NIFTY,CALL,09:45:00,24536.15,OR_L,13.4,2.0,37.9,BULL,24550.05,24515.39,24619.36,133.54,143.66,1,50,50,306.23,264.11,3.96,No-run exit,3
2024-07-16,NIFTY,PUT,10:10:00,24635.05,PDH,13.85,1.58,21.1,BULL,24634.4,24656.29,24599.75,109.41,95.51,2,50,100,-1790.0,-1832.8,-16.75,SL hit,2
2024-07-18,NIFTY,CALL,09:45:00,24547.55,SWING_L,25.3,2.0,15.3,NEUTRAL,24649.4,24514.89,24918.41,204.81,196.27,1,50,50,-627.21,-670.13,-6.54,No-run exit,7
2024-07-22,NIFTY,CALL,09:55:00,24508.15,PDL,19.55,2.0,25.7,BEAR,24533.95,24481.25,24639.34,133.45,143.92,1,50,50,323.54,281.41,4.22,No-run exit,3
2024-07-23,NIFTY,PUT,10:15:00,24461.05,SWING_H,12.5,2.0,27.4,BEAR,24442.45,24480.89,24365.57,108.56,101.69,1,50,50,-543.32,-584.81,-10.77,No-run exit,2
2024-07-24,NIFTY,CALL,09:55:00,24405.6,OR_L,32.15,2.0,35.5,NEUTRAL,24462.95,24366.14,24656.57,76.83,44.0,1,50,50,-1841.7,-1882.33,-49.0,SL hit (theta),1
2024-07-29,NIFTY,CALL,11:00:00,24904.55,OR_L,13.35,2.0,68.4,BULL,24934.75,24883.73,25036.78,135.63,139.8,1,50,50,8.73,-33.34,-0.49,No-run exit,3
2024-08-02,NIFTY,CALL,10:10:00,24751.1,OR_L,13.8,2.0,6.5,BULL,24778.9,24729.88,24876.94,190.62,193.61,1,50,50,-50.54,-93.42,-0.98,No-run exit,6
2024-08-05,NIFTY,PUT,11:15:00,24036.6,SWING_H,22.65,2.0,41.5,BEAR,23994.9,24066.47,23851.76,130.52,123.57,1,50,50,-547.63,-589.46,-9.03,No-run exit,3
2024-08-06,NIFTY,PUT,10:15:00,24288.85,SWING_H,12.8,1.97,52.3,BEAR,24275.85,24308.94,24210.8,107.82,155.62,1,50,50,2189.94,2147.64,39.84,Target hit,2
2024-08-07,NIFTY,PUT,10:45:00,24306.45,OR_H,25.15,1.55,28.6,BEAR,24301.2,24338.9,24242.7,76.32,114.97,1,50,50,1732.41,1690.72,44.31,Target hit,1
2024-08-08,NIFTY,CALL,10:50:00,24184.9,PDL,16.75,2.08,9.8,BULL,24193.1,24160.9,24260.05,186.11,163.52,1,50,50,-1329.72,-1372.14,-14.75,SL hit,6
2024-08-09,NIFTY,PUT,10:25:00,24340.5,PDH,31.85,2.0,20.2,BEAR,24328.65,24379.66,24226.63,170.85,159.67,1,50,50,-759.11,-801.48,-9.38,No-run exit,5
2024-08-12,NIFTY,CALL,10:40:00,24311.2,PDL,14.15,2.0,20.9,BULL,24351.55,24289.76,24475.13,108.15,116.74,1,50,50,229.64,187.92,3.48,No-run exit,2
2024-08-13,NIFTY,CALL,11:15:00,24308.35,OR_L,14.1,1.62,18.4,NEUTRAL,24314.85,24286.96,24359.95,76.36,74.68,1,50,50,-284.22,-325.31,-8.52,No-run exit,1
2024-08-16,NIFTY,CALL,11:30:00,24302.8,OR_L,57.7,2.0,10.3,BEAR,24326.0,24237.83,24502.35,187.13,250.29,1,50,50,2958.16,2914.44,31.15,Target hit,6
2024-08-28,NIFTY,CALL,09:50:00,25000.35,OR_L,17.65,2.0,45.8,BULL,25015.4,24975.21,25095.79,78.56,76.86,1,50,50,-285.14,-326.27,-8.31,No-run exit,1
2024-09-06,NIFTY,PUT,09:50:00,25043.8,SWING_H,20.1,2.0,12.1,BEAR,24991.15,25071.42,24830.61,192.25,202.98,1,50,50,336.62,293.61,3.05,No-run exit,6
2024-09-11,NIFTY,CALL,10:35:00,25070.15,SWING_L,20.3,1.64,37.3,BULL,25075.7,25042.34,25130.5,78.75,77.37,1,50,50,-268.87,-310.0,-7.87,No-run exit,1
2024-09-18,NIFTY,PUT,13:00:00,25441.65,PDH,21.5,2.0,25.4,NEUTRAL,25386.7,25470.79,25218.52,79.73,85.74,1,50,50,100.36,59.11,1.48,No-run exit,1
2024-09-19,NIFTY,PUT,09:50:00,25587.1,OR_H,24.85,2.0,32.2,BEAR,25538.1,25619.63,25375.03,212.2,212.12,1,50,50,-203.93,-247.08,-2.33,No-run exit,7
2024-09-20,NIFTY,PUT,13:35:00,25700.0,ROUND,86.3,2.0,17.0,BULL,25572.6,25794.04,25129.73,196.72,121.57,1,50,50,-3957.72,-3999.52,-40.66,SL hit (theta),6
2024-10-03,NIFTY,PUT,09:55:00,25603.85,OR_H,28.4,1.67,9.0,NEUTRAL,25575.5,25639.94,25467.65,212.51,226.74,1,50,50,511.72,468.35,4.41,No-run exit,7
2024-10-04,NIFTY,PUT,11:05:00,25321.7,SWING_H,27.7,2.0,71.2,BEAR,25302.8,25357.0,25194.39,194.65,182.07,1,50,50,-828.76,-871.46,-8.95,No-run exit,6
2024-10-07,NIFTY,PUT,10:30:00,25030.85,SWING_H,22.3,2.0,34.5,BEAR,25018.7,25060.67,24934.77,136.09,193.55,1,50,50,2672.79,2629.92,38.65,Target hit,3
2024-10-08,NIFTY,PUT,09:35:00,24808.9,SWING_H,37.0,2.0,31.7,BEAR,24786.35,24853.35,24652.34,110.09,62.44,1,50,50,-2582.35,-2623.25,-47.66,SL hit (theta),2
2024-10-09,NIFTY,PUT,11:45:00,25192.45,SWING_H,13.55,2.0,17.6,NEUTRAL,25161.05,25213.56,25056.03,79.02,80.79,1,50,50,-111.7,-152.88,-3.87,No-run exit,1
2024-10-10,NIFTY,PUT,10:20:00,25113.7,SWING_H,20.35,2.0,14.4,NEUTRAL,25098.15,25141.59,25011.27,208.54,215.48,1,50,50,147.02,103.82,1.0,No-run exit,7
2024-10-11,NIFTY,CALL,10:10:00,25017.5,SWING_L,19.0,1.53,13.2,BEAR,25022.25,24991.0,25070.15,192.49,173.54,1,50,50,-1147.3,-1189.88,-12.36,SL hit,6
2024-10-14,NIFTY,PUT,10:10:00,25113.7,SWING_H,17.05,2.0,9.2,NEUTRAL,25100.15,25138.29,25023.87,136.53,137.23,1,50,50,-164.77,-206.8,-3.03,No-run exit,3
2024-10-15,NIFTY,CALL,10:40:00,25070.15,SWING_L,29.25,2.0,38.4,BULL,25089.25,25033.39,25200.97,111.43,103.42,1,50,50,-600.72,-642.24,-11.53,No-run exit,2
2024-10-16,NIFTY,PUT,10:40:00,25037.35,OR_H,17.5,2.0,10.7,NEUTRAL,25023.6,25062.37,24946.07,78.59,80.97,1,50,50,-81.22,-122.41,-3.12,No-run exit,1
2024-10-17,NIFTY,CALL,12:50:00,24771.65,SWING_L,15.8,2.0,20.9,BEAR,24783.1,24748.42,24852.45,205.93,195.45,1,50,50,-724.22,-767.12,-7.45,No-run exit,7
2024-10-21,NIFTY,CALL,09:55:00,24723.7,SWING_L,44.1,2.0,21.5,NEUTRAL,24743.45,24672.2,24885.96,134.59,127.25,1,50,50,-566.99,-608.87,-9.05,No-run exit,3
2024-10-22,NIFTY,PUT,10:05:00,24854.05,OR_H,27.95,2.0,16.4,BEAR,24818.65,24889.46,24677.02,110.23,198.0,1,50,50,4188.47,4145.53,75.22,Target hit,2
2024-10-24,NIFTY,CALL,09:55:00,24378.1,PDL,26.55,2.0,24.3,BEAR,24409.6,24344.24,24540.31,202.82,210.94,1,50,50,205.82,162.68,1.6,No-run exit,7
2024-10-25,NIFTY,PUT,09:35:00,24400.0,ROUND,31.4,2.0,20.0,NEUTRAL,24327.8,24438.73,24105.94,187.15,268.81,1,50,50,3882.96,3838.96,41.03,Target hit,6
2024-10-28,NIFTY,CALL,09:50:00,24168.85,SWING_L,33.95,2.0,56.9,NEUTRAL,24257.1,24127.66,24515.98,131.95,156.87,1,50,50,1045.99,1003.66,15.21,Hard close,3
2024-10-29,NIFTY,CALL,11:40:00,24210.8,SWING_L,30.65,2.0,22.6,NEUTRAL,24239.7,24172.9,24373.31,107.66,113.68,1,50,50,100.76,59.08,1.1,No-run exit,2
2024-10-30,NIFTY,PUT,13:10:00,24484.5,PDH,13.7,2.0,14.2,BULL,24429.1,24505.55,24276.2,76.72,104.87,1,50,50,1207.3,1165.75,30.39,Hard close,1
2024-11-04,NIFTY,PUT,10:05:00,24036.6,SWING_H,36.65,2.0,33.5,NEUTRAL,23991.4,24080.47,23813.26,130.5,137.41,1,50,50,145.59,103.55,1.59,No-run exit,3
2024-11-05,NIFTY,PUT,11:25:00,23951.0,SWING_H,26.25,2.0,21.4,NEUTRAL,23931.5,23984.44,23825.61,106.29,111.65,1,50,50,68.08,26.44,0.5,No-run exit,2
2024-11-07,NIFTY,CALL,09:45:00,24342.85,OR_L,16.45,2.0,50.5,BULL,24366.95,24319.1,24462.65,202.47,157.33,1,50,50,-2456.82,-2499.15,-24.69,SL hit,7
2024-11-08,NIFTY,CALL,09:45:00,24179.05,PDL,32.6,2.0,24.0,BEAR,24247.4,24139.21,24463.79,186.53,121.1,1,50,50,-3471.61,-3513.4,-37.67,SL hit (theta),6
2024-11-12,NIFTY,CALL,13:00:00,24004.6,PDL,23.6,2.0,19.3,BEAR,24027.95,23973.81,24136.24,106.72,68.69,1,50,50,-2101.35,-2142.35,-40.15,SL hit (theta),2
2024-11-14,NIFTY,PUT,10:10:00,23645.3,OR_H,18.3,2.0,53.5,BEAR,23616.9,23670.7,23509.3,196.24,205.99,1,50,50,287.49,244.43,2.49,No-run exit,7
2024-11-18,NIFTY,PUT,09:40:00,23411.9,SWING_H,32.4,2.0,12.9,NEUTRAL,23368.35,23451.33,23202.38,127.11,73.85,1,50,50,-2862.81,-2903.89,-45.69,SL hit (theta),3
2024-11-21,NIFTY,CALL,13:15:00,23338.75,OR_L,15.05,2.59,30.8,NEUTRAL,23343.25,23316.7,23411.9,193.96,190.01,1,50,50,-397.68,-440.5,-4.54,No-run exit,7
2024-11-22,NIFTY,PUT,09:35:00,23507.3,PDH,33.8,2.0,40.1,BEAR,23437.2,23548.16,23215.28,180.3,114.07,1,50,50,-3511.74,-3553.42,-39.42,SL hit (theta),6
2024-11-26,NIFTY,CALL,11:35:00,24210.8,SWING_L,13.0,2.0,25.8,BULL,24228.85,24190.54,24305.47,107.61,86.02,1,50,50,-1279.25,-1320.51,-24.54,SL hit,2
2024-12-02,NIFTY,CALL,09:35:00,24073.65,SWING_L,42.7,2.0,10.8,BULL,24115.65,24023.74,24299.47,131.18,128.41,1,50,50,-338.59,-380.48,-5.8,No-run exit,3
2024-12-04,NIFTY,CALL,09:35:00,24522.95,SWING_L,12.9,2.0,45.7,BULL,24543.05,24502.7,24623.76,77.08,80.4,1,50,50,-33.81,-74.98,-1.95,No-run exit,1
2024-12-05,NIFTY,CALL,12:10:00,24476.05,OR_L,74.45,2.0,24.1,NEUTRAL,24589.9,24394.28,24981.14,204.32,202.33,1,50,50,-299.35,-342.36,-3.35,No-run exit,7
2024-12-06,NIFTY,CALL,10:00:00,24682.95,OR_L,16.45,2.0,26.1,BULL,24726.95,24659.1,24862.65,190.22,147.63,1,50,50,-2329.29,-2371.48,-24.93,SL hit,6
2024-12-11,NIFTY,CALL,09:55:00,24597.6,OR_L,13.75,2.0,31.9,NEUTRAL,24641.15,24576.47,24770.5,77.39,81.76,1,50,50,18.54,-22.65,-0.59,No-run exit,1
2024-12-12,NIFTY,PUT,09:40:00,24661.5,OR_H,13.75,2.04,7.3,NEUTRAL,24650.2,24682.65,24583.85,204.82,215.46,1,50,50,331.85,288.65,2.82,No-run exit,7
2024-12-13,NIFTY,PUT,10:20:00,24316.9,SWING_H,36.25,2.0,50.6,BEAR,24257.6,24360.46,24051.89,186.61,195.6,1,50,50,249.71,206.8,2.22,No-run exit,6
2024-12-17,NIFTY,CALL,10:45:00,24432.75,SWING_L,49.0,2.0,8.7,NEUTRAL,24461.9,24376.43,24632.83,108.65,104.06,1,50,50,-429.27,-470.8,-8.67,No-run exit,2
2024-12-18,NIFTY,PUT,09:55:00,24356.0,OR_H,31.75,2.0,44.3,BEAR,24267.55,24395.07,24012.52,76.21,79.27,1,50,50,-46.86,-88.02,-2.31,No-run exit,1
2024-12-20,NIFTY,PUT,13:05:00,23754.15,SWING_H,16.85,2.0,38.0,BEAR,23728.3,23778.13,23628.64,182.54,177.67,1,50,50,-443.54,-486.18,-5.33,No-run exit,6
2024-12-23,NIFTY,PUT,09:55:00,23754.15,SWING_H,25.0,2.0,41.4,BEAR,23729.15,23786.28,23614.88,129.08,94.76,1,50,50,-1916.19,-1957.59,-30.33,SL hit,3
2024-12-26,NIFTY,CALL,13:40:00,23685.15,PDL,31.55,2.0,13.5,BEAR,23755.1,23646.5,23972.29,197.38,187.9,1,50,50,-674.0,-716.79,-7.26,No-run exit,7
2024-12-27,NIFTY,CALL,09:55:00,23893.7,SWING_L,23.4,2.0,27.5,NEUTRAL,23918.4,23863.14,24028.92,184.0,175.57,1,50,50,-621.44,-664.04,-7.22,No-run exit,6
2024-12-30,NIFTY,CALL,10:05:00,23757.2,OR_L,18.9,2.0,8.7,NEUTRAL,23764.1,23731.18,23829.94,129.27,139.51,1,50,50,312.15,270.09,4.18,No-run exit,3
2024-12-31,NIFTY,PUT,11:00:00,23581.0,OR_H,15.5,2.0,26.9,BEAR,23559.6,23603.58,23471.64,104.64,79.13,1,50,50,-1475.64,-1516.79,-28.99,SL hit,2
2025-01-01,NIFTY,PUT,09:45:00,23618.1,SWING_H,14.4,2.0,14.3,NEUTRAL,23570.65,23639.59,23432.77,74.02,43.18,1,50,50,-1741.78,-1782.4,-48.16,SL hit (theta),1
2025-01-02,NIFTY,CALL,10:50:00,23893.7,SWING_L,15.65,2.0,23.0,BULL,23920.65,23870.89,24020.18,198.76,208.61,1,50,50,292.27,249.17,2.51,No-run exit,7
2025-01-03,NIFTY,CALL,11:20:00,24073.65,SWING_L,22.2,2.0,66.5,BULL,24132.55,24044.23,24309.18,185.65,177.87,1,50,50,-589.1,-631.74,-6.81,No-run exit,6
2025-01-06,NIFTY,CALL,10:00:00,23936.3,SWING_L,17.85,2.0,12.2,NEUTRAL,23997.35,23911.27,24169.5,130.54,69.45,1,50,50,-3254.58,-3295.6,-50.49,SL hit (theta),3
2025-01-08,NIFTY,CALL,13:25:00,23551.9,WEEK_L,14.05,2.0,13.8,BEAR,23566.5,23530.79,23637.8,74.01,108.81,1,50,50,1540.11,1498.51,40.49,Target hit,1
2025-01-10,NIFTY,PUT,10:00:00,23370.85,SWING_H,55.55,2.0,14.6,NEUTRAL,23358.8,23433.43,23209.54,179.69,136.03,1,50,50,-2382.92,-2424.93,-26.99,SL hit,6
2025-01-13,NIFTY,CALL,10:30:00,23297.5,SWING_L,12.9,2.0,12.8,BEAR,23334.1,23277.61,23447.07,126.93,94.65,1,50,50,-1813.78,-1855.17,-29.23,SL hit,3
2025-01-15,NIFTY,CALL,10:15:00,23204.6,OR_L,12.5,2.0,4.6,NEUTRAL,23223.9,23185.14,23301.42,72.94,78.7,1,50,50,88.14,46.99,1.29,No-run exit,1
2025-01-17,NIFTY,CALL,09:50:00,23200.0,ROUND,15.7,2.0,18.3,BULL,23215.95,23177.34,23293.16,178.59,179.43,1,50,50,-157.94,-200.6,-2.25,No-run exit,6
2025-01-20,NIFTY,CALL,09:45:00,23189.7,OR_L,19.05,2.0,6.1,BEAR,23215.85,23163.7,23320.15,126.28,169.69,1,50,50,1970.52,1928.01,30.54,Target hit,3
2025-01-21,NIFTY,CALL,11:45:00,23170.65,PDL,18.2,2.0,47.0,BULL,23370.95,23145.5,23821.84,103.8,56.92,1,50,50,-2544.18,-2585.01,-49.81,SL hit (theta),2
2025-01-22,NIFTY,CALL,09:55:00,23069.7,OR_L,19.15,2.0,17.8,BEAR,23103.25,23043.63,23222.48,72.56,71.92,1,50,50,-232.08,-273.13,-7.53,No-run exit,1
2025-01-23,NIFTY,CALL,10:05:00,23200.0,ROUND,11.65,2.0,22.7,NEUTRAL,23219.65,23181.39,23296.16,192.93,191.47,1,50,50,-273.0,-315.84,-3.27,No-run exit,7
2025-01-24,NIFTY,CALL,10:25:00,23127.7,SWING_L,24.8,2.0,13.5,NEUTRAL,23183.05,23095.97,23357.21,178.34,182.29,1,50,50,-2.7,-45.41,-0.51,No-run exit,6
2025-01-27,NIFTY,CALL,09:35:00,22976.85,WEEK_L,28.75,2.0,19.9,BEAR,23001.6,22941.22,23122.37,125.12,70.95,1,50,50,-2908.61,-2949.64,-47.15,SL hit (theta),3
2025-01-28,NIFTY,PUT,13:25:00,23043.2,SWING_H,28.65,2.0,38.9,BEAR,23026.15,23078.77,22920.91,102.27,52.86,1,50,50,-2670.71,-2711.47,-53.03,SL hit (theta),2
2025-01-29,NIFTY,PUT,09:45:00,23050.05,OR_H,19.8,1.65,38.3,NEUTRAL,23039.7,23076.77,22978.35,72.36,50.75,1,50,50,-1280.61,-1321.34,-36.52,SL hit,1
2025-01-30,NIFTY,PUT,10:35:00,23292.05,SWING_H,19.1,2.0,12.5,BULL,23285.65,23318.14,23220.66,193.48,196.93,1,50,50,-27.46,-70.38,-0.73,No-run exit,7
2025-01-31,NIFTY,CALL,10:00:00,23365.0,SWING_L,13.95,2.0,18.7,BULL,23393.05,23344.04,23491.06,179.96,151.79,1,50,50,-1608.49,-1650.74,-18.35,SL hit,6
2025-02-01,NIFTY,CALL,12:20:00,23479.05,OR_L,52.9,2.0,31.0,BULL,23521.0,23419.12,23724.76,165.18,110.95,1,50,50,-2911.28,-2952.92,-35.75,SL hit,5
2025-02-03,NIFTY,CALL,09:55:00,23239.15,OR_L,17.15,2.28,28.0,BULL,23246.55,23215.03,23318.3,126.45,135.33,1,50,50,244.07,202.07,3.2,No-run exit,3
2025-02-04,NIFTY,CALL,09:35:00,23496.15,SWING_L,13.45,2.0,19.5,NEUTRAL,23550.65,23475.66,23700.64,104.6,97.12,1,50,50,-573.79,-615.21,-11.76,No-run exit,2
2025-02-05,NIFTY,CALL,13:55:00,23750.0,OR_L,13.4,2.0,41.0,BULL,23770.7,23729.48,23853.14,74.65,50.84,1,50,50,-1390.31,-1431.05,-38.34,SL hit,1
2025-02-07,NIFTY,CALL,10:40:00,23556.25,PDL,33.2,2.0,19.2,NEUTRAL,23573.9,23515.99,23689.71,181.35,194.67,1,50,50,465.96,423.07,4.67,No-run exit,6
2025-02-11,NIFTY,PUT,13:30:00,23043.2,SWING_H,32.2,2.0,28.3,BEAR,23035.75,23082.32,22942.6,102.31,105.35,1,50,50,-47.94,-89.49,-1.75,No-run exit,2
2025-02-12,NIFTY,PUT,10:00:00,22848.35,SWING_H,38.85,2.0,56.6,BEAR,22819.6,22894.07,22670.67,71.67,35.13,1,50,50,-2026.75,-2067.25,-57.69,SL hit (theta),1
2025-02-13,NIFTY,PUT,13:35:00,23115.05,OR_H,38.45,2.0,10.9,NEUTRAL,23080.4,23160.45,22920.31,191.78,205.27,1,50,50,474.29,431.24,4.5,No-run exit,7
2025-02-14,NIFTY,PUT,10:30:00,23043.2,SWING_H,39.05,2.0,26.3,BEAR,23026.15,23089.17,22900.1,177.13,238.41,1,50,50,2864.02,2820.48,31.85,Target hit,6
2025-02-17,NIFTY,PUT,11:05:00,22874.75,OR_H,20.2,2.0,31.7,BEAR,22841.85,22901.82,22721.91,124.25,128.63,1,50,50,19.02,-22.88,-0.37,No-run exit,3
2025-02-18,NIFTY,CALL,09:40:00,22889.1,SWING_L,19.6,2.0,19.5,NEUTRAL,22924.45,22862.64,23048.07,101.82,57.81,1,50,50,-2400.74,-2441.58,-47.96,SL hit (theta),2
2025-02-19,NIFTY,CALL,09:35:00,22889.1,SWING_L,42.3,2.0,16.3,BULL,22899.45,22839.95,23018.46,71.92,131.95,1,50,50,2801.47,2759.52,76.74,Target hit,1
2025-02-24,NIFTY,CALL,11:45:00,22607.5,OR_L,28.4,2.0,23.4,BEAR,22614.65,22572.33,22699.3,123.01,97.62,1,50,50,-1469.56,-1510.99,-24.57,SL hit,3
2025-02-25,NIFTY,PUT,10:20:00,22584.65,OR_H,16.5,1.53,34.5,BEAR,22572.7,22607.93,22518.8,100.25,101.51,1,50,50,-136.83,-178.32,-3.56,No-run exit,2
2025-02-28,NIFTY,CALL,10:15:00,22256.0,SWING_L,13.8,2.0,9.5,BEAR,22286.55,22235.53,22388.6,171.44,130.24,1,50,50,-2259.97,-2301.89,-26.85,SL hit,6
2025-03-04,NIFTY,CALL,09:35:00,22004.7,PDL,13.1,2.0,15.5,NEUTRAL,22047.75,21985.0,22173.24,97.92,91.32,1,50,50,-530.18,-571.52,-11.67,No-run exit,2
2025-03-05,NIFTY,CALL,10:35:00,22256.0,SWING_L,11.15,2.0,11.5,NEUTRAL,22269.45,22238.18,22332.0,69.94,70.65,1,50,50,-164.35,-205.38,-5.87,No-run exit,1
2025-03-06,NIFTY,CALL,11:35:00,22349.2,OR_L,29.25,2.0,34.3,BULL,22368.1,22313.25,22477.79,185.86,199.2,1,50,50,466.93,423.97,4.56,No-run exit,7
2025-03-10,NIFTY,PUT,10:15:00,22633.8,PDH,11.65,2.0,7.5,NEUTRAL,22629.35,22652.24,22583.56,123.09,113.45,1,50,50,-682.09,-723.76,-11.76,No-run exit,3
2025-03-12,NIFTY,PUT,10:00:00,22475.55,SWING_H,18.1,2.0,11.1,NEUTRAL,22430.1,22500.4,22289.5,70.44,72.42,1,50,50,-101.0,-142.06,-4.03,No-run exit,1
2025-03-17,NIFTY,PUT,10:35:00,22475.55,SWING_H,15.2,2.0,8.8,BEAR,22460.9,22497.5,22387.71,122.18,99.33,1,50,50,-1342.51,-1383.97,-22.65,SL hit,3
2025-03-18,NIFTY,CALL,10:05:00,22733.3,SWING_L,51.85,2.0,9.8,BULL,22739.5,22674.65,22869.21,101.0,107.41,1,50,50,120.28,78.7,1.56,No-run exit,2
2025-03-20,NIFTY,CALL,13:15:00,23127.7,SWING_L,15.2,2.0,24.0,BULL,23156.3,23105.57,23257.77,192.41,197.77,1,50,50,68.19,25.25,0.26,No-run exit,7
2025-03-21,NIFTY,CALL,10:50:00,23327.65,SWING_L,21.5,2.0,51.7,BULL,23346.25,23299.16,23440.43,179.6,173.57,1,50,50,-501.39,-543.97,-6.06,No-run exit,6
2025-03-24,NIFTY,CALL,09:45:00,23465.45,OR_L,31.95,2.0,35.1,BULL,23502.65,23426.47,23655.01,127.84,177.8,1,50,50,2298.25,2255.61,35.29,Target hit,3
2025-03-25,NIFTY,CALL,09:55:00,23842.75,SWING_L,33.8,2.0,43.0,BULL,23863.6,23801.81,23987.19,105.99,58.28,1,50,50,-2585.31,-2626.15,-49.55,SL hit (theta),2
2025-03-26,NIFTY,PUT,09:40:00,23683.9,SWING_H,12.3,2.0,7.2,NEUTRAL,23646.2,23703.31,23531.98,74.26,45.7,1,50,50,-1627.92,-1668.57,-44.94,SL hit (theta),1
2025-03-27,NIFTY,PUT,10:15:00,23606.8,SWING_H,11.85,2.0,39.4,BEAR,23592.5,23625.74,23526.03,196.03,200.93,1,50,50,45.2,2.21,0.02,No-run exit,7
2025-03-28,NIFTY,CALL,10:00:00,23553.25,OR_L,13.5,2.0,7.4,BULL,23563.2,23532.69,23624.22,181.27,164.17,1,50,50,-1055.0,-1097.44,-12.11,SL hit,6
2025-04-01,NIFTY,PUT,09:55:00,23530.7,SWING_H,13.55,1.77,24.2,BEAR,23514.85,23551.31,23450.2,104.44,172.01,1,50,50,3178.41,3135.86,60.05,Target hit,2
2025-04-02,NIFTY,PUT,09:45:00,23251.0,OR_H,29.65,2.0,48.7,BEAR,23204.45,23287.63,23038.08,72.87,39.54,1,50,50,-1866.55,-1907.12,-52.34,SL hit (theta),1
2025-04-03,NIFTY,PUT,09:40:00,23263.45,OR_H,17.35,2.0,11.4,NEUTRAL,23244.8,23287.78,23158.83,178.82,144.34,1,50,50,-1923.87,-1966.0,-21.99,SL hit,6
2025-04-04,NIFTY,PUT,13:45:00,22923.85,SWING_H,14.75,2.0,28.1,BEAR,22896.8,22945.48,22799.44,160.79,148.46,1,50,50,-816.46,-858.66,-10.68,No-run exit,5
2025-04-07,NIFTY,PUT,09:40:00,22052.85,SWING_H,95.3,2.0,50.2,BEAR,22021.7,22154.79,21755.51,97.81,101.8,1,50,50,-0.73,-42.23,-0.86,No-run exit,2
2025-04-08,NIFTY,PUT,10:35:00,22402.1,SWING_H,30.5,2.0,38.3,NEUTRAL,22297.5,22439.33,22013.84,70.03,27.07,1,50,50,-2348.08,-2388.46,-68.21,SL hit (theta),1
2025-04-09,NIFTY,PUT,10:30:00,22402.1,SWING_H,20.9,2.0,20.2,BULL,22381.55,22429.73,22285.2,70.29,75.91,1,50,50,81.12,40.01,1.14,No-run exit,1
2025-04-11,NIFTY,PUT,10:20:00,22821.1,OR_H,22.2,2.0,14.8,NEUTRAL,22794.8,22850.15,22684.09,175.35,178.06,1,50,50,-64.35,-106.99,-1.22,No-run exit,6
2025-04-16,NIFTY,CALL,11:10:00,23291.65,SWING_L,14.75,2.0,57.3,BULL,23318.85,23269.92,23416.72,73.23,78.95,1,50,50,85.94,44.79,1.22,No-run exit,1
2025-04-17,NIFTY,CALL,09:45:00,23365.0,SWING_L,21.5,2.0,22.3,BULL,23422.3,23336.5,23593.91,194.62,181.29,1,50,50,-866.36,-909.05,-9.34,No-run exit,7
2025-04-22,NIFTY,CALL,09:35:00,24149.85,SWING_L,19.8,2.0,49.8,BULL,24186.15,24122.81,24312.83,107.42,108.91,1,50,50,-125.26,-166.86,-3.11,No-run exit,2
2025-04-23,NIFTY,PUT,10:10:00,24242.6,PDH,36.4,2.0,11.2,NEUTRAL,24189.55,24286.28,23996.08,75.97,80.44,1,50,50,23.65,-17.52,-0.46,No-run exit,1
2025-04-25,NIFTY,PUT,09:35:00,24307.25,SWING_H,20.6,2.0,17.3,BULL,24231.25,24335.15,24023.45,170.16,301.23,1,50,50,6353.53,6309.04,74.15,Target hit,5
2025-04-29,NIFTY,PUT,09:45:00,24355.1,PDH,30.75,2.0,26.1,BULL,24315.55,24393.17,24160.32,76.36,38.43,1,50,50,-2096.63,-2137.17,-55.98,SL hit (theta),1
2025-04-30,NIFTY,PUT,10:30:00,24342.05,OR_H,18.85,2.0,9.1,NEUTRAL,24311.35,24368.21,24197.63,76.35,46.21,1,50,50,-1707.25,-1747.91,-45.79,SL hit (theta),1
2025-05-02,NIFTY,CALL,10:10:00,24577.7,SWING_L,18.85,2.0,10.0,NEUTRAL,24581.95,24551.48,24642.89,189.1,172.32,1,50,50,-1039.17,-1081.73,-11.44,SL hit,6
2025-05-05,NIFTY,CALL,10:35:00,24495.05,SWING_L,14.85,2.0,20.2,BEAR,24509.85,24472.86,24583.84,133.32,111.81,1,50,50,-1275.39,-1317.04,-19.76,SL hit,3
2025-05-06,NIFTY,CALL,13:55:00,24400.65,PDL,12.25,2.14,11.6,BULL,24405.5,24381.08,24457.65,108.39,87.63,1,50,50,-1238.07,-1279.36,-23.61,SL hit,2
2025-05-07,NIFTY,PUT,09:50:00,24382.6,SWING_H,21.95,2.0,10.7,BEAR,24326.05,24411.87,24154.41,76.4,72.7,1,50,50,-385.01,-426.07,-11.15,No-run exit,1
2025-05-09,NIFTY,PUT,09:55:00,24036.6,SWING_H,29.85,2.0,31.8,BEAR,24012.5,24073.67,23890.16,184.72,170.2,1,50,50,-926.05,-968.57,-10.49,No-run exit,6
2025-05-12,NIFTY,CALL,12:35:00,24771.65,SWING_L,69.3,2.0,39.3,NEUTRAL,24803.25,24694.94,25019.87,134.92,128.39,1,50,50,-526.27,-568.16,-8.42,No-run exit,3
2025-05-13,NIFTY,CALL,11:00:00,24754.1,OR_L,40.7,2.0,69.2,BULL,24805.5,24705.99,25004.53,110.17,68.92,1,50,50,-2262.46,-2303.46,-41.82,SL hit (theta),2
2025-05-14,NIFTY,CALL,13:05:00,24618.45,SWING_L,39.55,2.0,16.0,NEUTRAL,24632.95,24571.53,24755.8,77.36,76.46,1,50,50,-244.98,-286.1,-7.4,No-run exit,1
2025-05-15,NIFTY,CALL,09:50:00,24535.55,PDL,41.1,2.0,22.5,BULL,24555.4,24487.1,24692.0,204.03,205.33,1,50,50,-135.01,-178.06,-1.75,No-run exit,7
2025-05-16,NIFTY,CALL,13:50:00,25008.15,SWING_L,13.7,1.63,45.3,BULL,25016.7,24986.95,25065.25,192.45,186.28,1,50,50,-508.66,-551.42,-5.73,No-run exit,6
2025-05-19,NIFTY,CALL,09:45:00,25008.15,SWING_L,30.15,2.0,28.0,BULL,25018.1,24970.51,25113.29,136.09,144.25,1,50,50,208.02,165.88,2.44,No-run exit,3
2025-05-20,NIFTY,PUT,12:50:00,24847.8,SWING_H,17.25,2.0,23.8,NEUTRAL,24809.9,24872.51,24684.68,110.19,162.75,1,50,50,2428.05,2385.64,43.3,Target hit,2
2025-05-21,NIFTY,PUT,10:55:00,24923.2,SWING_H,12.85,2.0,43.4,BEAR,24914.8,24943.53,24857.34,78.25,107.39,1,50,50,1257.13,1215.54,31.07,Target hit,1
2025-05-22,NIFTY,CALL,09:40:00,24574.0,OR_L,32.4,2.0,13.3,NEUTRAL,24589.95,24534.24,24701.37,204.32,207.42,1,50,50,-45.19,-88.27,-0.86,No-run exit,7
2025-05-23,NIFTY,CALL,10:40:00,24771.65,SWING_L,23.1,2.0,43.6,NEUTRAL,24813.7,24741.13,24958.85,190.89,193.1,1,50,50,-89.51,-132.37,-1.39,No-run exit,6
2025-05-26,NIFTY,PUT,10:05:00,25049.5,OR_H,16.4,2.0,16.1,BULL,25045.55,25073.42,24989.81,136.24,169.14,1,50,50,1444.83,1402.33,20.59,Target hit,3
2025-05-27,NIFTY,CALL,11:20:00,24900.5,PDL,19.85,2.0,17.3,BULL,24946.25,24873.19,25092.38,110.8,107.96,1,50,50,-341.89,-383.48,-6.92,No-run exit,2
2025-05-28,NIFTY,CALL,09:40:00,24765.0,OR_L,21.95,2.0,12.0,NEUTRAL,24807.25,24735.63,24950.5,77.91,49.47,1,50,50,-1621.94,-1662.65,-42.68,SL hit (theta),1
2025-05-29,NIFTY,CALL,09:40:00,24793.8,OR_L,14.1,1.52,7.2,BEAR,24808.75,24772.27,24864.25,206.14,197.75,1,50,50,-619.41,-662.34,-6.43,No-run exit,7
2025-06-02,NIFTY,CALL,10:40:00,24618.45,SWING_L,27.5,2.0,8.8,BEAR,24629.4,24583.57,24721.05,133.97,127.75,1,50,50,-510.82,-552.7,-8.25,No-run exit,3
2025-06-03,NIFTY,PUT,09:55:00,24656.65,SWING_H,28.85,2.0,12.7,BEAR,24630.15,24692.91,24504.64,109.39,70.1,1,50,50,-2164.7,-2205.73,-40.33,SL hit (theta),2
2025-06-05,NIFTY,PUT,12:25:00,24845.1,SWING_H,15.3,2.0,16.3,NEUTRAL,24822.1,24867.86,24730.58,206.25,214.17,1,50,50,196.01,152.83,1.48,No-run exit,7
2025-06-10,NIFTY,CALL,09:35:00,25077.15,PDL,21.7,2.0,39.0,BULL,25124.1,25047.93,25276.43,111.59,118.0,1,50,50,120.32,78.58,1.41,No-run exit,2
2025-06-11,NIFTY,PUT,13:50:00,25137.55,OR_H,17.7,2.0,17.8,NEUTRAL,25108.85,25162.8,25000.96,78.86,57.52,1,50,50,-1266.92,-1307.75,-33.17,Hard close,1
2025-06-12,NIFTY,PUT,09:40:00,25180.1,OR_H,16.1,2.0,25.0,NEUTRAL,25103.5,25203.76,24902.98,208.59,206.95,1,50,50,-281.95,-325.03,-3.12,No-run exit,7
2025-06-13,NIFTY,PUT,13:55:00,24729.3,SWING_H,17.4,2.0,40.4,BEAR,24712.6,24754.12,24629.55,190.11,185.56,1,50,50,-427.56,-470.32,-4.95,No-run exit,6
2025-06-19,NIFTY,PUT,09:50:00,24845.1,SWING_H,18.0,2.0,33.8,BEAR,24825.45,24870.56,24735.23,206.28,197.79,1,50,50,-624.51,-667.45,-6.47,No-run exit,7
2025-06-20,NIFTY,PUT,12:30:00,24982.05,WEEK_H,21.2,2.0,17.9,BEAR,24966.35,25010.75,24877.55,192.06,162.62,1,50,50,-1672.0,-1714.41,-17.85,SL hit,6
2025-06-26,NIFTY,PUT,10:15:00,25392.05,SWING_H,17.4,1.72,8.3,BULL,25380.5,25417.07,25317.7,210.89,243.45,1,50,50,1427.78,1384.16,13.13,Target hit,7
2025-07-02,NIFTY,PUT,13:25:00,25432.7,SWING_H,13.75,2.0,5.6,NEUTRAL,25405.35,25454.08,25307.88,79.79,76.52,1,50,50,-363.48,-404.6,-10.14,No-run exit,1
2025-07-03,NIFTY,PUT,10:55:00,25537.05,OR_H,15.55,1.99,31.2,BEAR,25531.15,25560.27,25473.3,212.14,195.15,1,50,50,-1049.57,-1092.46,-10.3,SL hit,7
2025-07-04,NIFTY,CALL,09:45:00,25384.35,PDL,13.8,1.97,13.6,BEAR,25395.15,25362.94,25458.65,195.36,194.19,1,50,50,-258.35,-301.23,-3.08,No-run exit,6
2025-07-18,NIFTY,PUT,10:30:00,24954.45,SWING_H,13.35,2.0,13.9,BEAR,24943.85,24975.29,24880.97,191.89,182.52,1,50,50,-668.25,-710.96,-7.41,No-run exit,6
2025-07-24,NIFTY,CALL,12:15:00,25041.9,SWING_L,15.55,2.0,38.0,BULL,25068.3,25018.84,25167.22,208.29,207.75,1,50,50,-227.2,-270.29,-2.6,No-run exit,7
2025-07-25,NIFTY,PUT,09:45:00,24946.2,SWING_H,27.25,2.0,39.4,BEAR,24922.15,24980.94,24804.57,191.72,205.66,1,50,50,496.88,453.83,4.73,No-run exit,6
2025-07-30,NIFTY,PUT,09:50:00,24847.15,PDH,29.9,2.0,19.1,NEUTRAL,24816.4,24884.51,24680.17,77.94,78.81,1,50,50,-156.3,-197.45,-5.07,No-run exit,1
2025-08-01,NIFTY,PUT,10:50:00,24759.75,OR_H,12.85,2.0,14.6,NEUTRAL,24739.85,24780.03,24659.49,190.32,205.04,1,50,50,535.85,492.81,5.18,No-run exit,6
2025-08-05,NIFTY,CALL,10:05:00,24611.05,SWING_L,17.9,2.0,10.9,NEUTRAL,24633.65,24585.77,24729.41,109.41,105.28,1,50,50,-406.71,-448.26,-8.19,No-run exit,2
2025-08-07,NIFTY,PUT,10:50:00,24419.75,SWING_H,17.6,2.0,15.1,BEAR,24416.7,24444.68,24360.74,202.88,192.98,1,50,50,-695.16,-738.03,-7.28,No-run exit,7
2025-08-08,NIFTY,PUT,10:05:00,24457.65,SWING_H,23.25,2.0,37.8,NEUTRAL,24451.2,24488.24,24377.11,188.1,192.04,1,50,50,-3.0,-45.85,-0.49,No-run exit,6
2025-08-13,NIFTY,CALL,13:35:00,24611.05,SWING_L,16.4,2.0,12.0,NEUTRAL,24627.8,24587.27,24708.86,77.34,79.16,1,50,50,-109.24,-150.4,-3.89,No-run exit,1
2025-08-18,NIFTY,CALL,12:20:00,24884.3,OR_L,31.45,2.0,9.4,NEUTRAL,24891.05,24845.39,24982.36,135.4,143.41,1,50,50,200.64,158.52,2.34,No-run exit,3
2025-08-25,NIFTY,CALL,10:20:00,24915.0,OR_L,20.65,2.0,18.1,NEUTRAL,24927.95,24886.88,25010.09,135.6,145.75,1,50,50,307.29,265.13,3.91,No-run exit,3
2025-08-26,NIFTY,CALL,10:05:00,24796.6,OR_L,19.0,2.0,16.4,BEAR,24800.65,24770.17,24861.62,110.15,102.09,1,50,50,-603.16,-644.66,-11.71,No-run exit,2
2025-09-03,NIFTY,PUT,09:40:00,24572.45,SWING_H,20.75,2.0,39.2,NEUTRAL,24551.95,24600.58,24454.69,77.11,51.55,1,50,50,-1478.21,-1518.95,-39.4,SL hit,1
2025-09-04,NIFTY,CALL,10:20:00,24847.25,OR_L,17.75,2.0,24.3,BULL,24873.75,24822.05,24977.15,206.68,174.96,1,50,50,-1785.89,-1828.49,-17.69,SL hit,7
2025-09-05,NIFTY,PUT,12:15:00,24656.65,SWING_H,14.6,2.0,16.8,NEUTRAL,24646.35,24678.65,24581.75,189.6,194.14,1,50,50,26.79,-16.1,-0.17,No-run exit,6
2025-09-08,NIFTY,PUT,09:45:00,24832.35,PDH,13.35,2.19,21.9,BULL,24827.6,24853.15,24771.65,135.05,143.08,1,50,50,201.62,159.5,2.36,No-run exit,3
2025-09-09,NIFTY,CALL,12:15:00,24840.9,OR_L,25.35,2.0,29.0,NEUTRAL,24849.65,24808.11,24932.74,110.37,114.81,1,50,50,21.86,-19.83,-0.36,No-run exit,2
2025-09-11,NIFTY,PUT,10:05:00,24967.25,SWING_H,17.4,2.0,9.8,BULL,24957.85,24992.15,24889.26,207.38,191.35,1,50,50,-1001.51,-1044.35,-10.07,No-run exit,7
2025-09-19,NIFTY,CALL,10:25:00,25329.75,PDL,18.1,2.0,17.1,BULL,25337.7,25304.06,25404.99,194.92,179.37,1,50,50,-977.26,-1019.92,-10.46,No-run exit,6
2025-09-24,NIFTY,CALL,12:15:00,25084.65,PDL,16.7,1.55,16.9,BEAR,25095.55,25060.43,25149.85,78.81,74.53,1,50,50,-413.98,-455.07,-11.55,No-run exit,1
2025-09-29,NIFTY,PUT,11:15:00,24743.75,OR_H,13.95,2.51,52.6,BEAR,24737.5,24765.13,24668.15,109.87,153.93,1,50,50,2003.15,1960.87,35.69,Target hit,2
2025-10-08,NIFTY,PUT,09:45:00,25179.05,OR_H,13.45,1.78,24.7,NEUTRAL,25155.6,25200.06,25076.3,79.0,83.98,1,50,50,48.85,7.62,0.19,No-run exit,1
2025-10-10,NIFTY,PUT,13:45:00,25317.3,SWING_H,13.45,2.89,17.9,BULL,25313.6,25338.35,25242.05,194.73,197.8,1,50,50,-46.65,-89.58,-0.92,No-run exit,6
2025-10-14,NIFTY,PUT,09:40:00,25267.3,PDH,26.2,2.0,18.7,BULL,25236.85,25301.09,25108.37,112.09,120.79,1,50,50,235.08,193.3,3.45,No-run exit,2
2025-10-15,NIFTY,PUT,11:05:00,25310.35,PDH,16.1,2.0,24.1,BEAR,25294.1,25334.05,25214.2,79.44,75.71,1,50,50,-386.36,-427.46,-10.76,No-run exit,1
2025-10-17,NIFTY,CALL,11:55:00,25739.2,SWING_L,28.8,2.0,58.2,BULL,25754.85,25702.69,25859.18,198.13,204.28,1,50,50,107.63,64.6,0.65,No-run exit,6
2025-10-23,NIFTY,PUT,09:55:00,26066.9,OR_H,13.55,2.29,20.6,NEUTRAL,26058.9,26088.27,25991.7,216.53,199.96,1,50,50,-1028.59,-1071.56,-9.9,SL hit,7
2025-10-24,NIFTY,PUT,13:30:00,25781.5,SWING_H,16.4,2.0,24.6,NEUTRAL,25755.9,25805.64,25656.42,198.13,199.23,1,50,50,-145.0,-187.96,-1.9,No-run exit,6
2025-10-28,NIFTY,CALL,12:35:00,25871.35,SWING_L,17.1,2.0,14.7,BULL,25899.7,25846.49,26006.11,115.03,72.04,1,50,50,-2349.7,-2390.75,-41.57,SL hit (theta),2
2025-11-07,NIFTY,PUT,09:55:00,25360.4,SWING_H,30.55,2.0,14.6,BEAR,25342.25,25398.57,25229.62,194.95,183.06,1,50,50,-794.54,-837.26,-8.59,No-run exit,6
2025-11-11,NIFTY,CALL,09:40:00,25503.5,PDL,14.6,2.0,22.9,NEUTRAL,25529.65,25481.25,25626.44,113.39,79.41,1,50,50,-1898.75,-1939.92,-34.22,SL hit,2
2025-11-14,NIFTY,CALL,10:45:00,25766.3,OR_L,14.6,2.0,20.0,NEUTRAL,25785.6,25743.97,25868.85,198.36,211.22,1,50,50,442.84,399.71,4.03,No-run exit,6
2025-11-24,NIFTY,PUT,09:35:00,26097.85,SWING_H,18.95,2.0,11.5,NEUTRAL,26088.1,26124.64,26015.03,141.91,117.86,1,50,50,-1402.38,-1444.12,-20.35,SL hit,3
2025-11-26,NIFTY,PUT,13:25:00,26179.2,SWING_H,14.7,2.0,22.2,BEAR,26154.3,26201.76,26059.38,82.14,56.34,1,50,50,-1490.04,-1530.85,-37.27,SL hit,1
2025-12-01,NIFTY,PUT,09:55:00,26280.75,PDH,15.25,2.32,19.4,NEUTRAL,26264.3,26303.89,26172.4,142.87,132.35,1,50,50,-726.24,-768.19,-10.75,No-run exit,3
2025-12-04,NIFTY,PUT,12:50:00,25996.85,OR_H,13.15,2.16,22.1,NEUTRAL,25992.85,26017.8,25938.95,215.98,198.42,1,50,50,-1077.8,-1120.74,-10.38,SL hit,7
2025-12-10,NIFTY,CALL,11:05:00,25842.95,SWING_L,20.6,2.0,16.1,BEAR,25865.45,25814.6,25967.14,81.23,51.71,1,50,50,-1676.21,-1716.96,-42.27,SL hit (theta),1
2025-12-11,NIFTY,CALL,10:05:00,25734.55,PDL,22.2,2.0,22.7,BEAR,25771.55,25704.64,25905.38,214.14,230.82,1,50,50,633.85,590.42,5.51,No-run exit,7
2025-12-16,NIFTY,CALL,12:30:00,25904.75,PDL,13.6,3.29,9.2,NEUTRAL,25906.1,25883.38,25980.75,115.06,100.44,1,50,50,-930.97,-972.44,-16.9,SL hit,2
2025-12-18,NIFTY,CALL,10:10:00,25770.35,PDL,28.25,2.0,10.4,NEUTRAL,25791.15,25734.38,25904.7,198.4,207.87,1,50,50,273.73,230.64,2.33,No-run exit,6
2025-12-22,NIFTY,PUT,11:05:00,26132.5,OR_H,15.65,3.22,16.3,BULL,26130.2,26155.99,26047.15,116.05,112.79,1,50,50,-362.83,-404.49,-6.97,No-run exit,2
2026-01-01,NIFTY,CALL,10:30:00,26149.25,OR_L,15.15,2.0,59.3,BULL,26166.0,26126.26,26245.48,217.42,211.63,1,50,50,-489.67,-532.81,-4.9,No-run exit,7
2026-01-05,NIFTY,CALL,09:50:00,26287.65,OR_L,13.65,2.0,36.2,BULL,26305.0,26266.12,26382.76,143.09,151.89,1,50,50,239.99,197.74,2.76,No-run exit,3
2026-01-07,NIFTY,PUT,10:20:00,26166.0,OR_H,21.15,2.0,35.2,BEAR,26151.5,26195.01,26064.49,82.13,78.86,1,50,50,-363.54,-404.69,-9.85,No-run exit,1
2026-01-12,NIFTY,PUT,10:35:00,25576.7,SWING_H,16.3,2.0,49.9,BEAR,25560.85,25600.68,25481.19,139.04,145.42,1,50,50,119.03,76.88,1.11,No-run exit,3
2026-01-13,NIFTY,PUT,10:35:00,25813.15,PDH,13.9,2.0,16.5,NEUTRAL,25776.3,25834.8,25659.3,114.48,106.16,1,50,50,-616.17,-657.73,-11.49,No-run exit,2
2026-01-14,NIFTY,PUT,10:00:00,25744.8,OR_H,16.7,2.0,11.9,NEUTRAL,25717.25,25769.23,25613.29,80.77,83.86,1,50,50,-45.42,-86.64,-2.15,No-run exit,1
2026-01-16,NIFTY,CALL,13:30:00,25678.4,OR_L,16.0,2.0,22.4,BEAR,25702.3,25654.7,25797.5,197.72,182.16,1,50,50,-977.82,-1020.53,-10.32,No-run exit,6
2026-01-19,NIFTY,CALL,12:15:00,25528.3,OR_L,15.55,2.0,14.3,BEAR,25546.9,25505.1,25630.51,138.96,133.87,1,50,50,-454.31,-496.29,-7.14,No-run exit,3
2026-01-21,NIFTY,PUT,10:45:00,25034.75,SWING_H,50.05,2.0,47.8,BEAR,25011.3,25092.33,24849.25,78.55,44.43,1,50,50,-1906.07,-1946.71,-49.57,SL hit (theta),1
2026-01-22,NIFTY,PUT,10:05:00,25395.75,OR_H,15.9,2.0,11.6,BEAR,25366.15,25419.27,25259.9,210.77,273.73,1,50,50,2947.87,2903.8,27.55,Target hit,7
2026-01-23,NIFTY,PUT,11:20:00,25275.45,SWING_H,14.45,2.0,8.8,NEUTRAL,25264.75,25297.49,25199.28,194.35,226.1,1,50,50,1387.29,1343.93,13.83,Target hit,6
2026-01-27,NIFTY,PUT,11:50:00,25126.3,OR_H,35.75,2.0,36.1,BEAR,25086.75,25169.6,24921.05,111.42,108.0,1,50,50,-370.96,-412.55,-7.41,No-run exit,2
2026-01-28,NIFTY,CALL,11:05:00,25318.45,SWING_L,29.6,2.0,18.5,NEUTRAL,25321.15,25281.26,25400.92,79.52,74.66,1,50,50,-443.11,-484.2,-12.18,No-run exit,1
2026-01-29,NIFTY,CALL,10:10:00,25187.65,PDL,14.75,2.0,14.2,BULL,25211.65,25165.35,25304.25,209.49,193.77,1,50,50,-986.06,-1028.93,-9.82,No-run exit,7
2026-02-01,NIFTY,PUT,11:40:00,25370.7,PDH,21.4,2.0,12.8,BULL,25311.55,25399.72,25135.21,158.98,269.66,1,50,50,5334.01,5289.99,66.55,Target hit,4
2026-02-02,NIFTY,PUT,10:00:00,24884.7,OR_H,54.35,2.0,61.7,BEAR,24816.65,24946.53,24556.89,134.99,127.05,1,50,50,-596.81,-638.68,-9.46,No-run exit,3
2026-02-03,NIFTY,PUT,10:00:00,25703.7,SWING_H,44.45,2.0,14.3,NEUTRAL,25701.3,25755.87,25592.15,114.15,72.37,1,50,50,-2288.92,-2329.97,-40.82,SL hit (theta),2
2026-02-05,NIFTY,PUT,09:35:00,25703.7,SWING_H,25.85,2.0,8.7,NEUTRAL,25677.85,25737.27,25559.01,213.36,228.22,1,50,50,542.98,499.59,4.68,No-run exit,7
2026-02-06,NIFTY,PUT,12:05:00,25630.8,OR_H,27.1,2.0,25.9,BEAR,25593.95,25665.6,25450.66,196.89,207.24,1,50,50,317.29,274.21,2.79,No-run exit,6
2026-02-09,NIFTY,PUT,09:35:00,25818.55,SWING_H,16.95,2.0,14.4,BULL,25781.65,25843.25,25658.45,140.24,98.56,1,50,50,-2283.78,-2325.23,-33.16,SL hit,3
2026-02-11,NIFTY,CALL,10:20:00,25942.45,OR_L,25.55,2.0,25.7,NEUTRAL,25961.65,25909.12,26066.7,81.53,79.13,1,50,50,-319.96,-361.12,-8.86,No-run exit,1
2026-02-13,NIFTY,CALL,10:55:00,25558.3,OR_L,14.35,2.88,22.0,BEAR,25560.5,25536.29,25630.35,196.63,179.44,1,50,50,-1059.33,-1101.99,-11.21,SL hit,6
2026-02-17,NIFTY,CALL,09:35:00,25603.3,SWING_L,24.6,2.0,12.9,NEUTRAL,25616.6,25571.03,25707.75,113.77,162.31,1,50,50,2226.79,2184.39,38.4,Target hit,2
2026-02-19,NIFTY,PUT,10:15:00,25764.4,PDH,18.9,1.75,20.4,BULL,25756.85,25791.03,25697.0,214.02,225.6,1,50,50,379.12,335.76,3.14,No-run exit,7
2026-02-23,NIFTY,PUT,10:45:00,25663.55,PDH,26.95,2.0,12.8,BEAR,25653.65,25698.21,25564.54,139.55,131.21,1,50,50,-616.83,-658.77,-9.44,No-run exit,3
2026-02-24,NIFTY,PUT,10:50:00,25480.25,SWING_H,19.4,2.0,18.0,BULL,25465.35,25507.3,25381.45,113.1,89.1,1,50,50,-1400.12,-1441.43,-25.49,SL hit,2
2026-02-26,NIFTY,CALL,13:25:00,25428.2,PDL,14.1,1.58,26.2,BEAR,25438.0,25406.48,25487.85,211.37,207.78,1,50,50,-379.25,-422.34,-4.0,No-run exit,7
2026-03-02,NIFTY,PUT,09:50:00,24958.8,OR_H,30.55,2.0,29.5,BEAR,24884.15,24996.85,24658.76,135.36,142.05,1,50,50,134.67,92.57,1.37,No-run exit,3
2026-03-04,NIFTY,CALL,09:40:00,24344.15,SWING_L,27.0,2.0,53.2,NEUTRAL,24408.75,24309.85,24606.54,76.66,34.5,1,50,50,-2307.76,-2348.25,-61.26,SL hit (theta),1
2026-03-05,NIFTY,PUT,10:15:00,24602.45,PDH,27.8,2.0,21.4,BEAR,24596.0,24637.64,24512.72,204.37,172.74,1,50,50,-1781.5,-1824.07,-17.85,SL hit,7
2026-03-09,NIFTY,CALL,10:55:00,23800.0,ROUND,49.85,2.0,15.8,BEAR,23862.35,23743.02,24101.0,129.8,134.43,1,50,50,31.39,-10.59,-0.16,No-run exit,3
2026-03-10,NIFTY,CALL,10:05:00,24125.15,OR_L,33.85,2.0,27.5,NEUTRAL,24139.5,24084.07,24250.35,107.21,153.88,1,50,50,2133.58,2091.3,39.01,Target hit,2
2026-03-12,NIFTY,PUT,09:35:00,23606.8,SWING_H,12.8,2.0,46.0,BEAR,23572.85,23626.69,23465.18,195.87,151.74,1,50,50,-2406.55,-2448.8,-25.0,SL hit,7
2026-03-13,NIFTY,PUT,09:45:00,23441.95,SWING_H,20.05,2.0,26.0,BEAR,23397.4,23469.04,23254.12,179.99,188.52,1,50,50,226.64,183.84,2.04,No-run exit,6
2026-03-16,NIFTY,PUT,09:40:00,23248.05,OR_H,21.95,2.0,55.1,BEAR,23240.5,23276.98,23167.54,126.42,165.7,1,50,50,1763.79,1721.34,27.23,Target hit,3
2026-03-17,NIFTY,PUT,10:30:00,23502.0,PDH,64.15,2.0,20.0,NEUTRAL,23467.85,23573.22,23257.11,104.23,99.68,1,50,50,-427.58,-469.05,-9.0,No-run exit,2
2026-03-19,NIFTY,PUT,10:15:00,23246.2,SWING_H,14.65,2.0,37.1,NEUTRAL,23217.0,23267.83,23115.34,192.91,163.76,1,50,50,-1657.71,-1700.14,-17.63,SL hit,7
2026-03-20,NIFTY,PUT,10:15:00,23246.2,SWING_H,14.55,2.0,62.5,BEAR,23219.6,23267.73,23123.34,178.62,151.77,1,50,50,-1542.7,-1584.95,-17.75,SL hit,6
2026-03-23,NIFTY,PUT,10:15:00,22586.4,SWING_H,22.8,2.0,18.2,BEAR,22554.5,22615.98,22431.53,122.69,123.14,1,50,50,-177.56,-219.38,-3.58,No-run exit,3
2026-03-24,NIFTY,PUT,09:40:00,22768.4,SWING_H,59.5,2.0,42.3,BEAR,22744.8,22834.75,22564.9,101.02,104.45,1,50,50,-28.74,-70.28,-1.39,No-run exit,2
2026-03-27,NIFTY,PUT,12:55:00,22959.35,SWING_H,13.85,2.0,34.2,NEUTRAL,22945.65,22980.09,22876.77,176.51,176.94,1,50,50,-178.27,-220.89,-2.5,No-run exit,6
2026-03-30,NIFTY,PUT,09:40:00,22697.2,SWING_H,16.9,2.0,45.7,BEAR,22659.25,22720.91,22535.92,123.26,180.23,1,50,50,2648.63,2605.96,42.28,Target hit,3
2026-04-01,NIFTY,PUT,10:25:00,22848.35,SWING_H,31.1,2.0,32.4,BEAR,22796.5,22886.31,22616.87,71.59,75.65,1,50,50,2.99,-38.12,-1.06,No-run exit,1
2026-04-02,NIFTY,PUT,10:20:00,22218.25,SWING_H,16.25,2.0,17.5,BEAR,22191.3,22241.17,22091.56,184.39,153.4,1,50,50,-1749.27,-1791.54,-19.43,SL hit,7
2026-04-06,NIFTY,CALL,09:35:00,22624.2,SWING_L,27.7,2.0,24.8,NEUTRAL,22704.35,22589.72,22933.61,123.5,65.46,1,50,50,-3102.14,-3143.09,-50.9,SL hit (theta),3
2026-04-09,NIFTY,CALL,11:25:00,23828.5,PDL,14.3,2.0,57.9,BULL,23855.25,23807.06,23951.64,198.22,208.92,1,50,50,334.92,291.82,2.94,No-run exit,7
2026-04-10,NIFTY,PUT,10:05:00,23978.7,OR_H,24.15,2.0,20.7,NEUTRAL,23960.65,24010.05,23861.85,184.32,156.17,1,50,50,-1607.65,-1649.96,-17.9,SL hit,6
2026-04-13,NIFTY,CALL,10:45:00,23721.45,SWING_L,25.15,2.0,17.2,BULL,23732.1,23689.19,23817.92,129.09,133.01,1,50,50,-3.88,-45.84,-0.71,No-run exit,3
2026-04-15,NIFTY,CALL,11:50:00,24220.0,SWING_L,17.85,2.1,8.5,NEUTRAL,24222.6,24194.89,24280.9,76.07,73.73,1,50,50,-316.77,-357.85,-9.41,No-run exit,1
2026-04-17,NIFTY,PUT,12:00:00,24298.35,SWING_H,24.75,2.0,15.5,NEUTRAL,24261.35,24330.4,24123.26,186.64,180.45,1,50,50,-509.43,-552.11,-5.92,No-run exit,6
