date,index,setup,direction,bias,gap_pct,signal_time,entry_time,entry_spot,entry_premium,sl_spot,tp_spot,lots,lot_size,quantity,partial1_lots,partial1_px,partial2_lots,partial2_px,exit_premium,gross_pnl,net_pnl,pnl_pct,exit_reason,dte
2024-01-02,NIFTY,ORB,PUT,NEUTRAL,0.285,10:35:00,10:40:00,21567.15,95.79,21715.98,21614.1,1,50,50,0,0.0,0,0.0,84.66,-656.66,-697.91,-14.42,TP hit,2
2024-01-05,NIFTY,VWAP,PUT,NEUTRAL,0.167,10:40:00,10:45:00,21705.35,166.97,21737.15,0.0,1,50,50,0,0.0,0,0.0,173.32,217.64,175.05,2.08,No-move,6
2024-01-08,NIFTY,ORB,PUT,NEUTRAL,0.175,11:05:00,11:10:00,21615.5,117.58,21687.83,21492.08,1,50,50,0,0.0,0,0.0,128.79,460.28,418.37,7.06,Trail SL,3
2024-01-09,NIFTY,ORB,CALL,BULLISH,0.661,11:05:00,11:10:00,21708.4,96.42,21652.26,21780.6,1,50,50,0,0.0,0,0.0,91.92,-325.14,-366.5,-7.52,No-move,2
2024-01-18,NIFTY,ORB,CALL,BEARISH,-0.756,11:55:00,12:00:00,21510.8,178.74,21442.09,21635.95,1,50,50,0,0.0,0,0.0,182.47,86.69,43.97,0.49,No-move,7
2024-01-23,NIFTY,ORB,PUT,BULLISH,0.601,10:35:00,10:40:00,21569.5,95.8,21705.94,21592.0,1,50,50,0,0.0,0,0.0,109.82,600.84,559.21,11.55,TP hit,2
2024-01-23,NIFTY,ORB,PUT,BULLISH,0.601,11:40:00,11:45:00,21466.1,95.34,21705.94,21592.0,1,50,50,0,0.0,0,0.0,93.98,-167.82,-209.21,-4.34,TP hit,2
2024-01-24,NIFTY,ORB,CALL,NEUTRAL,-0.272,11:20:00,11:25:00,21350.9,67.05,21241.01,21507.95,1,50,50,0,0.0,0,0.0,39.68,-1468.41,-1508.99,-44.35,Hard SL,1
2024-01-24,NIFTY,VWAP,PUT,NEUTRAL,-0.272,11:25:00,11:30:00,21297.7,66.89,21358.75,0.0,1,50,50,0,0.0,0,0.0,66.21,-133.78,-174.76,-5.15,Trail SL,1
2024-01-25,NIFTY,VWAP,CALL,NEUTRAL,-0.028,11:35:00,11:40:00,21346.85,177.37,21282.85,0.0,1,50,50,0,0.0,0,0.0,150.28,-1454.62,-1496.86,-16.78,Hard SL,7
2024-01-29,NIFTY,ORB,CALL,NEUTRAL,0.292,10:35:00,10:40:00,21609.5,117.55,21522.7,21762.1,1,50,50,0,0.0,0,0.0,117.22,-116.64,-158.38,-2.67,No-move,3
2024-01-29,NIFTY,ORB,CALL,NEUTRAL,0.292,11:20:00,11:25:00,21595.6,117.47,21522.7,21762.1,1,50,50,1,154.66114170975393,0,0.0,154.66,1759.56,1717.25,28.99,Partial 1 + close,3
2024-01-30,NIFTY,VWAP,CALL,NEUTRAL,0.142,11:55:00,12:00:00,21731.4,96.52,21707.35,0.0,2,50,100,0,0.0,0,0.0,80.63,-1789.14,-1831.53,-18.78,SL hit,2
2024-01-31,NIFTY,ORB,CALL,NEUTRAL,-0.201,10:30:00,10:35:00,21628.25,67.92,21543.31,21786.22,1,50,50,0,0.0,0,0.0,65.45,-223.32,-264.28,-7.67,No-move,1
2024-01-31,NIFTY,ORB,CALL,NEUTRAL,-0.201,11:05:00,11:10:00,21665.65,68.04,21543.31,21786.22,1,50,50,0,0.0,0,0.0,67.18,-142.93,-183.92,-5.33,No-move,1
2024-02-01,NIFTY,VWAP,PUT,BULLISH,0.333,11:15:00,11:20:00,21720.95,180.48,21787.25,0.0,1,50,50,0,0.0,0,0.0,171.6,-543.82,-586.37,-6.46,No-move,7
2024-02-01,NIFTY,PDH_PDL,PUT,BULLISH,0.333,11:55:00,12:00:00,21732.55,180.58,21770.6,21751.23,1,50,50,0,0.0,0,0.0,195.83,662.63,619.71,6.83,VWAP TP,7
2024-02-02,NIFTY,ORB,CALL,BULLISH,0.565,11:10:00,11:15:00,21986.85,169.14,21918.01,22190.62,1,50,50,0,0.0,0,0.0,194.1,1147.83,1104.94,12.99,Trail SL,6
2024-02-02,NIFTY,VWAP,PUT,BULLISH,0.565,12:25:00,12:30:00,21939.6,168.78,22034.6,0.0,1,50,50,0,0.0,0,0.0,168.16,-130.79,-173.3,-2.04,No-move,6
2024-02-05,NIFTY,VWAP,PUT,BULLISH,0.31,13:25:00,13:30:00,21906.3,119.16,21934.4,0.0,1,50,50,0,0.0,0,0.0,103.02,-907.12,-948.65,-15.79,SL hit,3
2024-02-07,NIFTY,ORB,PUT,BULLISH,0.484,11:30:00,11:35:00,21887.75,68.74,21991.52,21832.67,1,50,50,0,0.0,0,0.0,66.46,-214.1,-255.08,-7.32,No-move,1
2024-02-07,NIFTY,PDH_PDL,PUT,BULLISH,0.484,13:45:00,13:50:00,21910.45,68.81,21972.79,21944.48,1,50,50,0,0.0,0,0.0,65.26,-277.51,-318.48,-9.12,VWAP TP,1
2024-02-09,NIFTY,ORB,PUT,NEUTRAL,-0.15,11:00:00,11:05:00,21636.0,166.44,21699.26,21490.38,1,50,50,0,0.0,0,0.0,130.71,-1886.32,-1928.26,-23.03,SL hit,6
2024-02-12,NIFTY,ORB,PUT,NEUTRAL,0.068,11:05:00,11:10:00,21707.3,118.08,21766.39,21598.45,1,50,50,0,0.0,0,0.0,114.65,-271.35,-313.06,-5.26,No-move,3
2024-02-13,NIFTY,ORB,CALL,NEUTRAL,0.239,10:50:00,10:55:00,21738.15,96.55,21637.64,21880.1,1,50,50,0,0.0,0,0.0,95.68,-143.61,-185.03,-3.79,No-move,2
2024-02-13,NIFTY,ORB,CALL,NEUTRAL,0.239,11:10:00,11:15:00,21763.1,96.66,21637.64,21880.1,1,50,50,0,0.0,0,0.0,79.59,-953.54,-994.72,-20.37,Hard SL,2
2024-02-14,NIFTY,ORB,CALL,BEARISH,-0.69,11:10:00,11:15:00,21607.25,67.86,21579.51,21706.33,1,50,50,0,0.0,0,0.0,64.96,-244.86,-285.82,-8.3,No-move,1
2024-02-15,NIFTY,PDH_PDL,PUT,NEUTRAL,0.265,10:55:00,11:00:00,21848.65,181.54,21904.91,21862.6,1,50,50,0,0.0,0,0.0,180.49,-152.56,-195.25,-2.14,VWAP TP,7
2024-02-15,NIFTY,VWAP,CALL,NEUTRAL,0.265,12:20:00,12:25:00,21871.35,181.73,21842.85,0.0,1,50,50,0,0.0,0,0.0,158.86,-1243.65,-1286.02,-14.08,SL hit,7
2024-02-21,NIFTY,PDH_PDL,PUT,NEUTRAL,0.183,10:10:00,10:15:00,22213.7,69.76,22232.57,22223.98,2,50,100,0,0.0,0,0.0,71.98,22.1,-20.03,-0.28,VWAP TP,1
2024-02-22,NIFTY,ORB,PUT,NEUTRAL,0.24,10:55:00,11:00:00,21898.6,181.96,22003.47,21769.92,1,50,50,0,0.0,0,0.0,173.66,-515.06,-557.65,-6.1,No-move,7
2024-02-23,NIFTY,PDH_PDL,PUT,BULLISH,0.329,10:20:00,10:25:00,22237.9,171.07,22290.22,22253.13,1,50,50,0,0.0,0,0.0,176.41,167.04,124.4,1.45,VWAP TP,6
2024-02-23,NIFTY,VWAP,PUT,BULLISH,0.329,13:20:00,13:25:00,22231.3,171.02,22254.65,0.0,1,50,50,0,0.0,0,0.0,166.54,-324.24,-366.73,-4.26,No-move,6
2024-02-26,NIFTY,ORB,PUT,NEUTRAL,-0.113,11:50:00,11:55:00,22088.7,120.15,22158.67,22052.65,1,50,50,0,0.0,0,0.0,114.38,-388.26,-429.97,-7.1,No-move,3
2024-03-01,NIFTY,ORB,CALL,BULLISH,0.557,10:55:00,11:00:00,22172.75,170.57,22131.68,22347.5,1,50,50,1,224.6603767203624,0,0.0,224.66,2604.52,2561.16,29.86,Partial 1 + close,6
2024-03-06,NIFTY,ORB,PUT,NEUTRAL,-0.139,11:30:00,11:35:00,22261.65,69.91,22312.33,22174.73,1,50,50,0,0.0,0,0.0,72.3,19.27,-21.8,-0.61,No-move,1
2024-03-07,NIFTY,VWAP,CALL,NEUTRAL,0.112,11:00:00,11:05:00,22505.25,187.0,22450.85,0.0,1,50,50,0,0.0,0,0.0,179.49,-475.35,-518.02,-5.51,No-move,7
2024-03-11,NIFTY,ORB,PUT,NEUTRAL,0.151,10:50:00,10:55:00,22441.7,122.07,22479.24,22357.48,1,50,50,0,0.0,0,0.0,120.39,-184.08,-225.87,-3.67,No-move,3
2024-03-12,NIFTY,VWAP,PUT,NEUTRAL,0.065,10:40:00,10:45:00,22350.55,99.27,22422.6,0.0,1,50,50,0,0.0,0,0.0,104.57,164.81,123.25,2.46,Trail SL,2
2024-03-13,NIFTY,ORB,PUT,BULLISH,0.441,11:00:00,11:05:00,22245.8,69.86,22348.99,22097.62,1,50,50,0,0.0,0,0.0,70.57,-64.36,-105.4,-2.97,No-move,1
2024-03-13,NIFTY,ORB,PUT,BULLISH,0.441,11:20:00,11:25:00,22188.05,69.68,22348.99,22097.62,1,50,50,1,95.13112427895663,0,0.0,95.13,1172.56,1131.14,32.01,Partial 1 + close,1
2024-03-14,NIFTY,ORB,CALL,NEUTRAL,0.007,11:30:00,11:35:00,22136.35,183.93,21994.71,22193.25,1,50,50,0,0.0,0,0.0,205.91,999.15,956.08,10.34,TP hit,7
2024-03-15,NIFTY,ORB,PUT,BEARISH,-0.398,10:55:00,11:00:00,21975.15,169.05,22046.98,21856.9,1,50,50,0,0.0,0,0.0,172.02,48.4,5.83,0.07,No-move,6
2024-03-19,NIFTY,ORB,PUT,BEARISH,-0.476,10:30:00,10:35:00,21879.15,97.17,21938.92,21837.67,1,50,50,0,0.0,0,0.0,94.31,-243.16,-284.56,-5.8,No-move,2
2024-03-20,NIFTY,ORB,PUT,NEUTRAL,0.154,10:40:00,10:45:00,21730.7,68.25,21849.45,21740.82,1,50,50,0,0.0,0,0.0,73.1,142.6,101.52,2.93,TP hit,1
2024-03-20,NIFTY,ORB,PUT,NEUTRAL,0.154,10:55:00,11:00:00,21787.75,68.43,21849.45,21740.82,1,50,50,0,0.0,0,0.0,69.32,-55.51,-96.54,-2.78,No-move,1
2024-03-27,NIFTY,ORB,CALL,NEUTRAL,0.162,11:00:00,11:05:00,22170.15,69.63,22103.32,22233.1,1,50,50,0,0.0,0,0.0,67.23,-220.18,-261.17,-7.4,No-move,1
2024-03-28,NIFTY,ORB,CALL,NEUTRAL,0.074,10:35:00,10:40:00,22348.05,185.69,22233.56,22413.47,1,50,50,0,0.0,0,0.0,184.25,-171.82,-214.57,-2.3,No-move,7
2024-04-03,NIFTY,ORB,CALL,BEARISH,-0.35,10:45:00,10:50:00,22427.35,70.43,22389.58,22500.38,1,50,50,0,0.0,0,0.0,75.17,137.22,96.11,2.69,Trail SL,1
2024-04-04,NIFTY,ORB,PUT,BULLISH,0.653,10:50:00,10:55:00,22315.4,185.42,22501.82,22200.5,1,50,50,0,0.0,0,0.0,133.0,-2721.25,-2763.23,-29.65,Hard SL,7
2024-04-12,NIFTY,PDH_PDL,CALL,NEUTRAL,-0.254,11:15:00,11:20:00,22687.25,174.53,22663.5,22664.2,2,50,100,0,0.0,0,0.0,173.08,-344.81,-389.97,-2.22,VWAP TP,6
2024-04-12,NIFTY,VWAP,PUT,NEUTRAL,-0.254,12:15:00,12:20:00,22625.35,174.05,22690.3,0.0,1,50,50,0,0.0,0,0.0,169.62,-321.51,-364.04,-4.16,No-move,6
2024-04-15,NIFTY,ORB,CALL,BEARISH,-0.801,11:05:00,11:10:00,22378.05,121.73,22340.55,22538.55,1,50,50,0,0.0,0,0.0,121.05,-134.16,-175.96,-2.87,No-move,3
2024-04-18,NIFTY,ORB,CALL,NEUTRAL,0.157,11:05:00,11:10:00,22275.45,185.09,22243.89,22404.45,1,50,50,0,0.0,0,0.0,188.22,56.36,13.55,0.15,No-move,7
2024-04-19,NIFTY,ORB,CALL,BEARISH,-0.836,11:50:00,11:55:00,21905.5,168.51,21842.96,22010.9,1,50,50,0,0.0,0,0.0,171.64,56.6,14.04,0.17,No-move,6
2024-04-25,NIFTY,VWAP,PUT,BEARISH,-0.425,10:50:00,10:55:00,22347.8,185.69,22414.8,0.0,1,50,50,0,0.0,0,0.0,141.76,-2296.29,-2338.4,-25.05,SL hit,7
2024-04-25,NIFTY,VWAP,PUT,BEARISH,-0.425,11:20:00,11:25:00,22395.7,186.09,22429.6,0.0,1,50,50,0,0.0,0,0.0,178.45,-481.9,-524.57,-5.61,No-move,7
2024-05-06,NIFTY,VWAP,CALL,BULLISH,0.467,11:55:00,12:00:00,22519.35,122.5,22492.2,0.0,1,50,50,0,0.0,0,0.0,121.65,-142.61,-184.42,-2.99,No-move,3
2024-05-07,NIFTY,ORB,PUT,NEUTRAL,0.141,10:30:00,10:35:00,22339.5,99.22,22458.69,22354.93,1,50,50,0,0.0,0,0.0,103.52,115.16,73.62,1.47,TP hit,2
2024-05-07,NIFTY,ORB,PUT,NEUTRAL,0.141,10:55:00,11:00:00,22343.8,99.24,22458.69,22354.93,1,50,50,0,0.0,0,0.0,108.14,345.15,303.54,6.06,TP hit,2
2024-05-08,NIFTY,VWAP,CALL,BEARISH,-0.329,11:15:00,11:20:00,22287.8,70.0,22235.0,0.0,1,50,50,0,0.0,0,0.0,58.82,-659.12,-699.99,-19.72,Hard SL,1
2024-05-08,NIFTY,ORB,CALL,BEARISH,-0.329,11:45:00,11:50:00,22314.45,70.08,22253.53,22428.23,1,50,50,0,0.0,0,0.0,57.72,-717.77,-758.62,-21.35,Hard SL,1
2024-05-15,NIFTY,VWAP,PUT,NEUTRAL,0.143,11:25:00,11:30:00,22176.55,69.65,22229.9,0.0,1,50,50,0,0.0,0,0.0,44.96,-1334.53,-1375.19,-38.93,Hard SL,1
2024-05-16,NIFTY,ORB,PUT,BULLISH,0.49,10:45:00,10:50:00,22135.1,170.28,22264.44,22095.87,1,50,50,0,0.0,0,0.0,142.1,-1509.1,-1551.22,-18.11,Hard SL,6
2024-05-16,NIFTY,VWAP,CALL,BULLISH,0.49,12:05:00,12:10:00,22230.0,171.01,22156.5,0.0,1,50,50,0,0.0,0,0.0,143.51,-1475.03,-1517.17,-17.64,Hard SL,6
2024-05-23,NIFTY,ORB,CALL,NEUTRAL,-0.028,11:55:00,12:00:00,22760.5,71.48,22653.92,22850.58,1,50,50,0,0.0,0,0.0,69.89,-179.51,-220.54,-6.09,No-move,1
2024-05-24,NIFTY,PDH_PDL,PUT,NEUTRAL,-0.088,10:25:00,10:30:00,22935.5,176.44,23035.21,22954.02,1,50,50,0,0.0,0,0.0,175.66,-139.04,-181.66,-2.05,VWAP TP,6
2024-05-27,NIFTY,ORB,CALL,BULLISH,0.379,11:50:00,11:55:00,23050.1,125.38,23019.47,23161.85,1,50,50,0,0.0,0,0.0,127.17,-10.38,-52.28,-0.83,No-move,3
2024-06-06,NIFTY,ORB,CALL,BULLISH,0.999,11:30:00,11:35:00,22830.15,189.7,22752.43,23034.85,1,50,50,0,0.0,0,0.0,116.98,-3736.08,-3777.82,-39.62,SL hit,7
2024-06-07,NIFTY,ORB,CALL,NEUTRAL,-0.119,10:35:00,10:40:00,23041.65,177.25,22904.38,23200.92,1,50,50,0,0.0,0,0.0,169.98,-463.46,-506.0,-5.68,No-move,6
2024-06-07,NIFTY,ORB,CALL,NEUTRAL,-0.119,11:30:00,11:35:00,23076.2,177.52,22904.38,23200.92,1,50,50,0,0.0,0,0.0,240.3,3039.16,2995.57,33.56,TP hit,6
2024-06-10,NIFTY,PDH_PDL,PUT,NEUTRAL,0.211,10:35:00,10:40:00,23321.9,126.86,23373.32,23324.05,1,50,50,0,0.0,0,0.0,107.32,-1077.23,-1118.83,-17.5,Hard SL,3
2024-06-12,NIFTY,VWAP,PUT,BULLISH,0.355,11:25:00,11:30:00,23378.85,73.42,23421.35,0.0,1,50,50,0,0.0,0,0.0,60.92,-724.89,-765.79,-20.58,Hard SL,1
2024-06-19,NIFTY,ORB,PUT,NEUTRAL,0.287,10:55:00,11:00:00,23508.2,73.83,23561.72,23383.97,1,50,50,0,0.0,0,0.0,74.71,-56.0,-97.1,-2.6,No-move,1
2024-06-19,NIFTY,VWAP,PUT,NEUTRAL,0.287,13:05:00,13:10:00,23528.25,73.89,23555.75,0.0,1,50,50,0,0.0,0,0.0,61.27,-731.03,-771.93,-20.62,Hard SL,1
2024-06-21,NIFTY,ORB,PUT,BULLISH,0.348,10:40:00,10:45:00,23544.8,181.12,23603.4,23439.6,1,50,50,0,0.0,0,0.0,184.97,92.61,49.85,0.55,No-move,6
2024-06-24,NIFTY,ORB,CALL,BEARISH,-0.302,11:00:00,11:05:00,23505.0,127.86,23412.44,23573.0,1,50,50,0,0.0,0,0.0,132.03,108.57,66.6,1.03,No-move,3
2024-06-27,NIFTY,ORB,CALL,NEUTRAL,0.173,10:30:00,10:35:00,23897.4,198.57,23862.83,24010.53,1,50,50,0,0.0,0,0.0,172.71,-1393.03,-1435.6,-14.39,SL hit,7
2024-07-02,NIFTY,VWAP,PUT,BULLISH,0.438,11:40:00,11:45:00,24131.6,107.18,24162.7,0.0,1,50,50,0,0.0,0,0.0,90.23,-947.48,-988.82,-18.28,Hard SL,2
2024-07-02,NIFTY,PDH_PDL,PUT,BULLISH,0.438,12:10:00,12:15:00,24137.8,107.21,24181.13,24148.68,1,50,50,0,0.0,0,0.0,121.99,639.18,597.36,11.04,VWAP TP,2
2024-07-08,NIFTY,PDH_PDL,PUT,NEUTRAL,0.052,10:30:00,10:35:00,24280.3,132.07,24382.42,24301.03,1,50,50,0,0.0,0,0.0,127.12,-347.66,-389.56,-5.85,VWAP TP,3
2024-07-10,NIFTY,ORB,PUT,NEUTRAL,0.174,10:35:00,10:40:00,24173.4,75.92,24406.83,24267.42,1,50,50,0,0.0,0,0.0,64.97,-647.68,-688.64,-17.91,TP hit,1
2024-07-12,NIFTY,ORB,CALL,NEUTRAL,0.203,10:55:00,11:00:00,24528.5,188.69,24411.26,24588.2,1,50,50,0,0.0,0,0.0,191.98,64.32,21.46,0.23,No-move,6
2024-07-18,NIFTY,ORB,CALL,NEUTRAL,-0.233,10:45:00,10:50:00,24613.6,204.52,24564.69,24692.23,1,50,50,0,0.0,0,0.0,161.85,-2233.56,-2275.97,-22.15,SL hit,7
2024-07-22,NIFTY,ORB,CALL,BEARISH,-0.327,10:45:00,10:50:00,24593.6,133.78,24464.71,24728.05,1,50,50,0,0.0,0,0.0,111.07,-1235.43,-1277.08,-18.95,Hard SL,3
2024-07-23,NIFTY,VWAP,CALL,NEUTRAL,0.216,11:00:00,11:05:00,24508.8,108.85,24482.25,0.0,1,50,50,0,0.0,0,0.0,89.15,-1085.23,-1126.55,-20.51,SL hit,2
2024-07-29,NIFTY,VWAP,CALL,BULLISH,0.368,10:55:00,11:00:00,24930.7,135.61,24891.2,0.0,1,50,50,0,0.0,0,0.0,138.4,39.39,-2.67,-0.04,No-move,3
2024-07-29,NIFTY,VWAP,PUT,BULLISH,0.368,12:10:00,12:15:00,24905.5,135.48,24958.8,0.0,1,50,50,1,184.78808000000035,0,0.0,184.79,2365.4,2322.65,34.04,Partial 1 + close,3
2024-07-30,NIFTY,ORB,CALL,NEUTRAL,-0.006,11:50:00,11:55:00,24923.7,110.7,24859.31,25015.27,1,50,50,0,0.0,0,0.0,113.93,61.36,19.66,0.35,No-move,2
2024-08-05,NIFTY,ORB,PUT,BEARISH,-1.606,10:45:00,10:50:00,24145.75,131.34,24239.76,23956.18,1,50,50,1,173.4704308441827,0,0.0,173.47,2006.52,1963.93,29.68,Partial 1 + close,3
2024-08-05,NIFTY,ORB,PUT,BEARISH,-1.606,11:20:00,11:25:00,23916.25,130.09,24239.76,23956.18,1,50,50,0,0.0,0,0.0,83.44,-2432.27,-2473.5,-37.74,Hard SL,3
2024-08-06,NIFTY,ORB,PUT,BULLISH,0.574,10:35:00,10:40:00,24176.1,107.38,24247.43,23899.85,1,50,50,0,0.0,0,0.0,90.36,-950.78,-992.12,-18.31,Hard SL,2
2024-08-09,NIFTY,PDH_PDL,PUT,BULLISH,1.196,10:20:00,10:25:00,24336.4,170.9,24366.58,24370.55,1,50,50,0,0.0,0,0.0,174.04,57.07,14.47,0.17,VWAP TP,5
2024-08-12,NIFTY,ORB,CALL,NEUTRAL,-0.182,10:55:00,11:00:00,24400.75,108.37,24304.37,24420.38,1,50,50,0,0.0,0,0.0,124.74,718.32,676.46,12.37,TP hit,2
2024-08-16,NIFTY,VWAP,CALL,BULLISH,0.788,11:25:00,11:30:00,24313.3,187.04,24245.1,0.0,1,50,50,0,0.0,0,0.0,194.41,268.46,225.56,2.4,No-move,6
2024-08-19,NIFTY,ORB,PUT,BULLISH,0.396,11:15:00,11:20:00,24571.8,133.66,24595.01,24482.43,1,50,50,0,0.0,0,0.0,128.95,-335.5,-377.42,-5.61,No-move,3
2024-08-28,NIFTY,ORB,CALL,NEUTRAL,0.077,11:15:00,11:20:00,25065.85,78.72,25023.1,25173.4,1,50,50,0,0.0,0,0.0,87.41,334.38,293.08,7.35,Trail SL,1
2024-09-06,NIFTY,ORB,PUT,NEUTRAL,-0.203,11:05:00,11:10:00,24876.75,191.37,25081.08,24855.62,1,50,50,0,0.0,0,0.0,159.21,-1708.14,-1750.51,-18.2,Hard SL,6
2024-09-09,NIFTY,ORB,CALL,NEUTRAL,-0.181,10:40:00,10:45:00,24888.65,135.38,24818.99,24988.28,1,50,50,0,0.0,0,0.0,131.24,-307.05,-349.01,-5.12,No-move,3
2024-09-12,NIFTY,ORB,PUT,BULLISH,0.432,11:25:00,11:30:00,24963.3,207.42,25027.68,24912.3,1,50,50,0,0.0,0,0.0,175.84,-1679.09,-1721.71,-16.52,Hard SL,7
2024-09-13,NIFTY,VWAP,PUT,BULLISH,0.456,13:15:00,13:20:00,25357.2,195.07,25386.2,0.0,1,50,50,0,0.0,0,0.0,189.62,-372.43,-415.26,-4.24,No-move,6
2024-09-19,NIFTY,ORB,PUT,BULLISH,0.567,11:20:00,11:25:00,25469.3,211.63,25518.93,25295.55,1,50,50,0,0.0,0,0.0,214.64,50.38,7.18,0.07,No-move,7
2024-09-20,NIFTY,ORB,CALL,BULLISH,0.318,10:35:00,10:40:00,25660.55,197.4,25511.47,25729.72,1,50,50,0,0.0,0,0.0,198.77,-31.39,-74.36,-0.75,No-move,6
2024-09-20,NIFTY,ORB,CALL,BULLISH,0.318,11:10:00,11:15:00,25702.2,197.72,25511.47,25729.72,1,50,50,0,0.0,0,0.0,191.58,-407.07,-449.93,-4.53,No-move,6
2024-10-01,NIFTY,ORB,PUT,NEUTRAL,-0.133,10:30:00,10:35:00,25760.85,114.41,25823.92,25608.72,1,50,50,0,0.0,0,0.0,115.9,-25.55,-67.27,-1.17,No-move,2
2024-10-01,NIFTY,ORB,PUT,NEUTRAL,-0.133,10:55:00,11:00:00,25785.8,114.53,25823.92,25608.72,1,50,50,0,0.0,0,0.0,118.94,120.71,78.94,1.37,No-move,2
2024-10-03,NIFTY,ORB,PUT,BEARISH,-1.394,11:20:00,11:25:00,25427.45,211.28,25507.95,25169.82,1,50,50,0,0.0,0,0.0,209.08,-210.04,-253.16,-2.39,No-move,7
2024-10-04,NIFTY,ORB,CALL,BEARISH,-0.333,11:00:00,11:05:00,25306.45,194.68,25229.9,25577.93,1,50,50,0,0.0,0,0.0,201.71,251.63,208.62,2.13,No-move,6
2024-10-04,NIFTY,ORB,CALL,BEARISH,-0.333,11:55:00,12:00:00,25420.85,195.56,25229.9,25577.93,1,50,50,0,0.0,0,0.0,200.38,140.76,97.77,0.99,No-move,6
2024-10-07,NIFTY,ORB,PUT,NEUTRAL,0.14,10:35:00,10:40:00,24972.15,135.84,25077.83,24910.25,1,50,50,0,0.0,0,0.0,168.96,1556.15,1513.63,22.12,TP hit,3
2024-10-07,NIFTY,ORB,PUT,NEUTRAL,0.14,11:05:00,11:10:00,24862.65,135.24,25077.83,24910.25,1,50,50,0,0.0,0,0.0,122.32,-745.8,-787.62,-11.56,TP hit,3
2024-10-16,NIFTY,ORB,PUT,NEUTRAL,-0.226,11:15:00,11:20:00,24981.25,78.45,25021.47,24860.55,1,50,50,1,107.7287482986273,0,0.0,107.73,1363.94,1322.34,33.29,Partial 1 + close,1
2024-10-18,NIFTY,ORB,CALL,BEARISH,-0.344,10:30:00,10:35:00,24742.05,190.33,24656.76,24885.9,1,50,50,0,0.0,0,0.0,191.17,-57.95,-100.8,-1.05,No-move,6
2024-10-18,NIFTY,ORB,CALL,BEARISH,-0.344,11:35:00,11:40:00,24779.2,190.62,24656.76,24885.9,1,50,50,0,0.0,0,0.0,189.05,-178.42,-221.24,-2.31,No-move,6
2024-10-22,NIFTY,ORB,PUT,NEUTRAL,0.239,11:55:00,12:00:00,24683.05,109.63,24784.96,24607.3,1,50,50,1,142.5951656228659,0,0.0,142.6,1548.26,1506.13,27.23,Partial 1 + close,2
2024-10-23,NIFTY,ORB,CALL,BEARISH,-0.423,11:00:00,11:05:00,24587.85,77.22,24478.41,24736.35,1,50,50,0,0.0,0,0.0,62.01,-860.32,-901.23,-23.04,Hard SL,1
2024-10-25,NIFTY,ORB,PUT,NEUTRAL,0.014,10:50:00,10:55:00,24124.9,185.59,24350.76,24120.63,1,50,50,0,0.0,0,0.0,146.5,-2054.31,-2096.49,-22.47,Hard SL,6
2024-10-28,NIFTY,ORB,CALL,NEUTRAL,0.162,11:10:00,11:15:00,24399.6,132.72,24248.73,24513.78,1,50,50,0,0.0,0,0.0,134.17,-27.35,-69.35,-1.04,No-move,3
2024-10-29,NIFTY,VWAP,CALL,NEUTRAL,-0.159,11:35:00,11:40:00,24226.35,107.6,24180.15,0.0,1,50,50,0,0.0,0,0.0,112.22,130.93,89.26,1.64,No-move,2
2024-10-30,NIFTY,ORB,CALL,BEARISH,-0.338,10:50:00,10:55:00,24443.35,76.77,24406.79,24584.73,1,50,50,0,0.0,0,0.0,73.9,-243.6,-284.69,-7.32,No-move,1
2024-10-30,NIFTY,ORB,CALL,BEARISH,-0.338,11:20:00,11:25:00,24466.2,76.84,24406.79,24584.73,1,50,50,0,0.0,0,0.0,64.55,-714.29,-755.25,-19.41,Hard SL,1
2024-11-04,NIFTY,ORB,PUT,NEUTRAL,0.063,11:00:00,11:05:00,23854.45,129.76,24134.33,23665.25,1,50,50,0,0.0,0,0.0,124.05,-385.26,-427.11,-6.53,No-move,3
2024-11-05,NIFTY,ORB,PUT,BEARISH,-0.31,11:35:00,11:40:00,23898.65,106.14,23943.93,23732.25,1,50,50,0,0.0,0,0.0,109.17,51.35,9.73,0.18,No-move,2
2024-11-06,NIFTY,ORB,CALL,BULLISH,0.457,11:50:00,11:55:00,24424.65,76.71,24308.14,24575.8,1,50,50,0,0.0,0,0.0,78.62,-4.59,-45.76,-1.18,No-move,1
2024-11-11,NIFTY,ORB,CALL,NEUTRAL,-0.096,11:10:00,11:15:00,24309.35,132.23,24111.6,24386.73,1,50,50,0,0.0,0,0.0,131.44,-139.31,-181.26,-2.72,No-move,3
2024-11-25,NIFTY,ORB,CALL,BULLISH,1.592,11:00:00,11:05:00,24340.45,132.4,24295.17,24508.38,1,50,50,0,0.0,0,0.0,133.08,-66.02,-108.0,-1.62,No-move,3
2024-11-28,NIFTY,VWAP,PUT,NEUTRAL,-0.013,10:30:00,10:35:00,24225.65,201.29,24305.4,0.0,1,50,50,1,275.3320874374389,0,0.0,275.33,3602.1,3557.99,35.18,Partial 1 + close,7
2024-11-28,NIFTY,ORB,PUT,NEUTRAL,-0.013,11:15:00,11:20:00,24056.6,199.89,24274.96,24151.3,1,50,50,0,0.0,0,0.0,205.29,170.02,126.96,1.26,TP hit,7
2024-11-29,NIFTY,ORB,CALL,NEUTRAL,-0.126,10:30:00,10:35:00,24105.3,185.44,24012.69,24232.65,1,50,50,0,0.0,0,0.0,187.8,18.01,-24.79,-0.27,No-move,6
2024-12-04,NIFTY,VWAP,PUT,NEUTRAL,0.175,11:55:00,12:00:00,24416.35,76.68,24532.05,0.0,1,50,50,0,0.0,0,0.0,64.49,-709.68,-750.63,-19.33,Hard SL,1
2024-12-05,NIFTY,ORB,PUT,BULLISH,0.317,10:55:00,11:00:00,24331.45,202.17,24476.64,24313.82,1,50,50,0,0.0,0,0.0,193.01,-557.93,-600.81,-5.91,No-move,7
2024-12-05,NIFTY,VWAP,CALL,BULLISH,0.317,12:05:00,12:10:00,24515.55,203.7,24401.6,0.0,1,50,50,0,0.0,0,0.0,232.19,1324.58,1281.11,12.52,Trail SL,7
2024-12-09,NIFTY,VWAP,PUT,NEUTRAL,-0.142,12:30:00,12:35:00,24636.2,134.01,24661.85,0.0,1,50,50,0,0.0,0,0.0,132.75,-162.94,-204.91,-3.04,No-move,3
2024-12-13,NIFTY,ORB,PUT,NEUTRAL,-0.168,10:30:00,10:35:00,24210.05,186.24,24422.24,24168.8,1,50,50,0,0.0,0,0.0,180.24,-400.04,-442.73,-4.73,No-move,6
2024-12-13,NIFTY,ORB,PUT,NEUTRAL,-0.168,11:10:00,11:15:00,24279.45,186.78,24422.24,24168.8,1,50,50,0,0.0,0,0.0,145.87,-2145.47,-2187.65,-23.3,Hard SL,6
2024-12-16,NIFTY,ORB,PUT,NEUTRAL,-0.113,11:10:00,11:15:00,24628.05,133.97,24711.32,24531.5,1,50,50,0,0.0,0,0.0,128.17,-390.17,-432.08,-6.4,No-move,3
2024-12-17,NIFTY,ORB,PUT,NEUTRAL,-0.257,10:40:00,10:45:00,24448.0,108.58,24574.92,24448.47,1,50,50,0,0.0,0,0.0,109.19,-69.57,-111.19,-2.03,TP hit,2
2024-12-17,NIFTY,ORB,PUT,NEUTRAL,-0.257,10:55:00,11:00:00,24485.5,108.75,24574.92,24448.47,1,50,50,0,0.0,0,0.0,139.12,1418.49,1376.42,25.08,TP hit,2
2024-12-23,NIFTY,ORB,CALL,BULLISH,0.452,10:55:00,11:00:00,23825.35,129.6,23775.03,23963.85,1,50,50,0,0.0,0,0.0,132.21,30.55,-11.41,-0.17,No-move,3
2024-12-23,NIFTY,ORB,CALL,BULLISH,0.452,11:55:00,12:00:00,23807.65,129.5,23775.03,23963.85,1,50,50,0,0.0,0,0.0,105.0,-1325.08,-1366.64,-20.94,SL hit,3
2024-12-24,NIFTY,ORB,CALL,NEUTRAL,0.092,10:40:00,10:45:00,23827.6,105.83,23771.56,23930.77,1,50,50,0,0.0,0,0.0,102.5,-266.72,-308.25,-5.77,No-move,2
2024-12-26,NIFTY,ORB,PUT,NEUTRAL,0.192,10:45:00,10:50:00,23713.0,197.03,23797.87,23652.25,1,50,50,0,0.0,0,0.0,165.27,-1687.85,-1730.31,-17.48,Hard SL,7
2024-12-30,NIFTY,ORB,CALL,NEUTRAL,-0.149,10:45:00,10:50:00,23840.45,129.68,23785.89,23983.35,1,50,50,0,0.0,0,0.0,97.43,-1712.3,-1753.75,-26.84,SL hit,3
2024-12-30,NIFTY,ORB,CALL,NEUTRAL,-0.149,11:20:00,11:25:00,23825.15,129.6,23785.89,23983.35,1,50,50,0,0.0,0,0.0,144.11,625.42,583.27,8.93,Trail SL,3
2024-12-31,NIFTY,PDH_PDL,CALL,BEARISH,-0.414,11:40:00,11:45:00,23612.9,104.87,23567.69,23545.45,1,50,50,0,0.0,0,0.0,101.4,-273.47,-314.98,-5.95,VWAP TP,2
2024-12-31,NIFTY,PDH_PDL,CALL,BEARISH,-0.414,13:20:00,13:25:00,23614.3,104.88,23567.69,23559.05,1,50,50,0,0.0,0,0.0,108.99,105.27,63.65,1.2,VWAP TP,2
2025-01-01,NIFTY,ORB,CALL,NEUTRAL,-0.132,10:45:00,10:50:00,23712.85,74.47,23658.04,23811.4,1,50,50,1,101.83067414119346,0,0.0,101.83,1268.03,1226.52,32.5,Partial 1 + close,1
2025-01-02,NIFTY,ORB,CALL,NEUTRAL,0.102,10:45:00,10:50:00,23914.05,198.7,23814.9,23977.8,1,50,50,0,0.0,0,0.0,205.35,232.45,189.38,1.9,No-move,7
2025-01-06,NIFTY,ORB,PUT,NEUTRAL,0.232,11:10:00,11:15:00,23744.3,129.16,23990.41,23734.45,1,50,50,0,0.0,0,0.0,109.05,-1105.74,-1147.36,-17.63,Hard SL,3
2025-01-06,NIFTY,ORB,PUT,NEUTRAL,0.232,11:40:00,11:45:00,23708.45,128.96,23990.41,23734.45,1,50,50,0,0.0,0,0.0,162.42,1572.96,1530.54,23.55,TP hit,3
2025-01-08,NIFTY,ORB,PUT,NEUTRAL,0.22,11:20:00,11:25:00,23547.2,73.95,23664.24,23438.98,1,50,50,0,0.0,0,0.0,56.68,-963.54,-1004.38,-26.8,Hard SL,1
2025-01-08,NIFTY,ORB,PUT,NEUTRAL,0.22,11:25:00,11:30:00,23581.35,74.06,23664.24,23438.98,1,50,50,0,0.0,0,0.0,77.57,75.69,34.54,0.92,No-move,1
2025-01-10,NIFTY,VWAP,PUT,NEUTRAL,-0.022,13:25:00,13:30:00,23488.65,180.69,23536.3,0.0,1,50,50,0,0.0,0,0.0,175.17,-375.91,-418.52,-4.61,No-move,6
2025-01-13,NIFTY,VWAP,PUT,BEARISH,-1.032,11:25:00,11:30:00,23240.8,126.42,23274.2,0.0,1,50,50,0,0.0,0,0.0,127.26,-58.02,-99.92,-1.57,No-move,3
2025-01-15,NIFTY,VWAP,PUT,NEUTRAL,0.188,11:30:00,11:35:00,23213.1,72.9,23248.95,0.0,1,50,50,0,0.0,0,0.0,61.46,-671.98,-712.88,-19.29,Hard SL,1
2025-01-17,NIFTY,ORB,PUT,BEARISH,-0.316,10:45:00,10:50:00,23149.15,178.08,23204.56,22979.47,1,50,50,0,0.0,0,0.0,184.84,238.07,195.31,2.18,No-move,6
2025-01-20,NIFTY,ORB,CALL,BULLISH,0.413,11:15:00,11:20:00,23322.65,126.87,23267.04,23514.9,1,50,50,0,0.0,0,0.0,130.93,102.92,60.97,0.95,No-move,3
2025-01-22,NIFTY,VWAP,PUT,NEUTRAL,0.2,10:35:00,10:40:00,23074.25,72.47,23114.5,0.0,1,50,50,0,0.0,0,0.0,56.28,-909.49,-950.32,-25.87,Hard SL,1
2025-01-23,NIFTY,ORB,CALL,NEUTRAL,-0.144,10:50:00,10:55:00,23207.15,192.83,23169.19,23371.15,1,50,50,0,0.0,0,0.0,200.94,305.47,262.47,2.71,No-move,7
2025-01-24,NIFTY,ORB,CALL,NEUTRAL,-0.14,11:40:00,11:45:00,23321.95,179.41,23257.77,23463.42,1,50,50,0,0.0,0,0.0,178.21,-159.77,-202.42,-2.24,No-move,6
2025-01-28,NIFTY,ORB,CALL,BULLISH,0.629,11:35:00,11:40:00,22997.3,102.14,22943.84,23121.5,1,50,50,0,0.0,0,0.0,99.23,-245.36,-286.83,-5.56,No-move,2
2025-01-29,NIFTY,ORB,CALL,NEUTRAL,0.22,10:55:00,11:00:00,23122.75,72.62,23041.84,23209.87,1,50,50,0,0.0,0,0.0,53.08,-1076.98,-1117.76,-30.37,Hard SL,1
2025-01-29,NIFTY,VWAP,PUT,NEUTRAL,0.22,11:20:00,11:25:00,22997.5,72.22,23090.85,0.0,1,50,50,0,0.0,0,0.0,36.53,-1884.44,-1924.98,-52.58,Hard SL,1
2025-01-30,NIFTY,ORB,CALL,NEUTRAL,-0.029,10:50:00,10:55:00,23261.85,193.28,23192.65,23330.07,1,50,50,0,0.0,0,0.0,194.45,-41.59,-84.49,-0.87,No-move,7
2025-01-31,NIFTY,ORB,CALL,NEUTRAL,-0.005,11:25:00,11:30:00,23403.65,180.04,23332.18,23473.03,1,50,50,0,0.0,0,0.0,176.12,-296.14,-338.77,-3.74,No-move,6
2025-02-01,NIFTY,VWAP,PUT,NEUTRAL,-0.022,11:45:00,11:50:00,23538.1,165.3,23629.05,0.0,1,50,50,1,236.1888000000011,0,0.0,236.19,3444.44,3400.91,40.9,Partial 1 + close,5
2025-02-04,NIFTY,ORB,PUT,BULLISH,0.643,10:35:00,10:40:00,23426.45,104.05,23507.74,23338.0,1,50,50,0,0.0,0,0.0,87.66,-919.56,-960.86,-18.29,Hard SL,2
2025-02-04,NIFTY,ORB,CALL,BULLISH,0.643,11:45:00,11:50:00,23599.0,104.81,23545.46,23715.2,1,50,50,0,0.0,0,0.0,87.89,-945.96,-987.27,-18.66,Hard SL,2
2025-02-10,NIFTY,ORB,PUT,NEUTRAL,-0.082,10:35:00,10:40:00,23399.35,127.28,23452.92,23155.47,1,50,50,0,0.0,0,0.0,128.96,-15.94,-57.86,-0.9,No-move,3
2025-02-14,NIFTY,ORB,PUT,BULLISH,0.335,10:35:00,10:40:00,22951.15,176.56,23045.15,22817.45,1,50,50,0,0.0,0,0.0,199.88,1065.77,1022.78,11.52,Trail SL,6
2025-02-14,NIFTY,ORB,PUT,BULLISH,0.335,11:10:00,11:15:00,22893.35,176.11,23045.15,22817.45,1,50,50,0,0.0,0,0.0,184.16,302.36,259.61,2.93,No-move,6
2025-02-19,NIFTY,ORB,CALL,BEARISH,-0.331,10:45:00,10:50:00,22994.0,72.21,22883.1,23058.6,1,50,50,0,0.0,0,0.0,57.0,-860.69,-901.53,-24.63,Hard SL,1
2025-02-19,NIFTY,ORB,CALL,BEARISH,-0.331,10:50:00,10:55:00,22964.5,72.12,22883.1,23058.6,1,50,50,0,0.0,0,0.0,53.46,-1033.17,-1073.96,-29.38,Hard SL,1
2025-02-21,NIFTY,ORB,PUT,NEUTRAL,-0.22,11:05:00,11:10:00,22744.05,174.96,22864.12,22717.88,1,50,50,0,0.0,0,0.0,169.07,-394.45,-436.97,-4.97,No-move,6
2025-03-05,NIFTY,ORB,CALL,NEUTRAL,-0.033,11:35:00,11:40:00,22329.2,70.13,22195.48,22523.8,1,50,50,1,94.61272274208137,0,0.0,94.61,1124.14,1082.73,30.44,Partial 1 + close,1
2025-03-07,NIFTY,VWAP,PUT,NEUTRAL,-0.091,11:45:00,11:50:00,22549.75,173.47,22600.15,0.0,1,50,50,0,0.0,0,0.0,179.63,208.07,165.39,1.9,No-move,6
2025-03-12,NIFTY,ORB,PUT,NEUTRAL,0.063,10:45:00,10:50:00,22421.2,70.41,22488.29,22259.15,1,50,50,0,0.0,0,0.0,71.84,-28.56,-69.62,-1.95,No-move,1
2025-03-12,NIFTY,ORB,PUT,NEUTRAL,0.063,11:25:00,11:30:00,22385.05,70.3,22488.29,22259.15,1,50,50,0,0.0,0,0.0,79.78,374.07,332.89,9.34,Trail SL,1
2025-03-13,NIFTY,ORB,PUT,BULLISH,0.325,11:35:00,11:40:00,22431.5,186.39,22489.08,22317.0,1,50,50,0,0.0,0,0.0,183.45,-247.1,-289.83,-3.09,No-move,7
2025-03-17,NIFTY,VWAP,CALL,NEUTRAL,-0.135,11:35:00,11:40:00,22522.55,122.51,22497.95,0.0,1,50,50,0,0.0,0,0.0,107.28,-861.57,-903.16,-14.62,SL hit,3
2025-03-21,NIFTY,ORB,CALL,NEUTRAL,0.011,10:45:00,10:50:00,23341.75,179.56,23233.53,23492.55,1,50,50,0,0.0,0,0.0,179.86,-85.05,-127.73,-1.41,No-move,6
2025-03-24,NIFTY,ORB,CALL,BULLISH,0.684,10:55:00,11:00:00,23625.25,128.51,23493.84,23649.0,1,50,50,0,0.0,0,0.0,123.56,-347.29,-389.13,-6.01,No-move,3
2025-03-26,NIFTY,VWAP,PUT,BULLISH,0.402,11:00:00,11:05:00,23638.05,74.24,23682.0,0.0,1,50,50,0,0.0,0,0.0,60.66,-778.93,-819.82,-21.79,Hard SL,1
2025-03-26,NIFTY,ORB,PUT,BULLISH,0.402,11:55:00,12:00:00,23589.35,74.08,23669.93,23498.75,1,50,50,0,0.0,0,0.0,71.68,-220.03,-261.09,-6.95,No-move,1
2025-04-01,NIFTY,ORB,PUT,BEARISH,-0.656,10:55:00,11:00:00,23243.5,103.23,23406.92,23000.02,1,50,50,0,0.0,0,0.0,100.75,-223.96,-265.45,-5.09,No-move,2
2025-04-08,NIFTY,ORB,PUT,BULLISH,0.939,10:30:00,10:35:00,22377.4,70.28,22485.99,22250.55,1,50,50,1,110.12388,0,0.0,110.12,1892.19,1850.56,51.92,Partial 1 + close,1
2025-04-08,NIFTY,ORB,PUT,BULLISH,0.939,10:35:00,10:40:00,22297.75,70.03,22485.99,22250.55,1,50,50,0,0.0,0,0.0,27.07,-2248.08,-2288.47,-64.44,Hard SL,1
2025-04-17,NIFTY,ORB,CALL,NEUTRAL,-0.134,11:40:00,11:45:00,23598.85,196.09,23374.18,23568.67,1,50,50,0,0.0,0,0.0,197.33,-37.97,-80.91,-0.82,TP hit,7
2025-04-22,NIFTY,ORB,CALL,NEUTRAL,0.266,11:20:00,11:25:00,24201.6,107.49,24162.76,24396.13,1,50,50,0,0.0,0,0.0,104.71,-238.93,-280.48,-5.17,No-move,2
2025-04-23,NIFTY,PDH_PDL,PUT,BULLISH,0.926,11:20:00,11:25:00,24180.75,75.94,24259.66,24243.97,1,50,50,0,0.0,0,0.0,67.66,-513.94,-554.94,-14.43,VWAP TP,1
2025-04-23,NIFTY,ORB,PUT,BULLISH,0.926,11:40:00,11:45:00,24239.0,76.12,24292.97,24122.42,1,50,50,0,0.0,0,0.0,82.38,213.03,171.81,4.46,Trail SL,1
2025-04-28,NIFTY,ORB,CALL,BULLISH,0.328,11:10:00,11:15:00,24236.2,107.64,24175.67,24488.42,1,50,50,1,147.79400291659536,0,0.0,147.79,1907.7,1865.5,34.34,Partial 1 + close,2
2025-05-07,NIFTY,PDH_PDL,CALL,BEARISH,-0.422,11:00:00,11:05:00,24362.55,76.51,24314.01,24355.35,1,50,50,0,0.0,0,0.0,73.8,-235.3,-276.39,-7.13,VWAP TP,1
2025-05-09,NIFTY,VWAP,CALL,BEARISH,-0.904,11:25:00,11:30:00,24093.0,185.34,24022.6,0.0,1,50,50,0,0.0,0,0.0,144.72,-2130.82,-2172.97,-23.32,SL hit,6
2025-05-15,NIFTY,VWAP,CALL,NEUTRAL,0.035,10:30:00,10:35:00,24620.8,204.58,24564.5,0.0,1,50,50,1,278.74939457260217,0,0.0,278.75,3608.47,3564.3,34.68,Partial 1 + close,7
2025-05-21,NIFTY,ORB,CALL,NEUTRAL,0.123,10:35:00,10:40:00,24932.95,78.3,24779.73,25003.65,1,50,50,0,0.0,0,0.0,49.6,-1535.11,-1575.84,-39.74,Hard SL,1
2025-05-21,NIFTY,ORB,CALL,NEUTRAL,0.123,11:00:00,11:05:00,24878.6,78.13,24779.73,25003.65,1,50,50,0,0.0,0,0.0,72.29,-391.86,-432.93,-10.94,Trail SL,1
2025-05-23,NIFTY,ORB,CALL,NEUTRAL,0.01,10:35:00,10:40:00,24785.4,190.67,24733.58,25040.92,1,50,50,0,0.0,0,0.0,186.74,-296.6,-339.39,-3.54,No-move,6
2025-05-23,NIFTY,ORB,CALL,NEUTRAL,0.01,11:45:00,11:50:00,24805.5,190.82,24733.58,25040.92,1,50,50,0,0.0,0,0.0,194.55,86.26,43.35,0.45,No-move,6
2025-05-26,NIFTY,VWAP,PUT,NEUTRAL,0.299,12:40:00,12:45:00,24967.35,135.81,25003.45,0.0,1,50,50,0,0.0,0,0.0,134.69,-156.0,-198.01,-2.89,No-move,3
2025-05-27,NIFTY,VWAP,CALL,NEUTRAL,-0.159,11:00:00,11:05:00,24876.35,110.49,24772.6,0.0,1,50,50,1,145.3752033316458,0,0.0,145.38,1644.26,1602.09,28.74,Partial 1 + close,2
2025-05-27,NIFTY,ORB,CALL,NEUTRAL,-0.159,11:35:00,11:40:00,24974.5,110.92,24912.99,25291.62,1,50,50,0,0.0,0,0.0,86.9,-1301.01,-1342.3,-23.99,Hard SL,2
2025-05-29,NIFTY,ORB,PUT,NEUTRAL,0.274,11:00:00,11:05:00,24715.75,205.37,24812.7,24614.7,1,50,50,0,0.0,0,0.0,203.96,-170.6,-213.64,-2.07,No-move,7
2025-05-29,NIFTY,VWAP,CALL,NEUTRAL,0.274,12:55:00,13:00:00,24769.75,205.81,24722.5,0.0,1,50,50,0,0.0,0,0.0,199.46,-417.28,-460.25,-4.45,No-move,7
2025-06-06,NIFTY,ORB,CALL,NEUTRAL,-0.05,11:40:00,11:45:00,25006.6,192.37,24739.97,24880.27,1,50,50,0,0.0,0,0.0,187.75,-330.97,-373.78,-3.87,TP hit,6
2025-06-12,NIFTY,ORB,PUT,NEUTRAL,0.15,10:40:00,10:45:00,25043.7,208.09,25128.83,24955.58,1,50,50,0,0.0,0,0.0,200.73,-468.15,-511.14,-4.89,No-move,7
2025-06-16,NIFTY,ORB,CALL,NEUTRAL,-0.013,11:05:00,11:10:00,24926.1,135.59,24783.44,24988.73,1,50,50,0,0.0,0,0.0,108.87,-1435.94,-1477.55,-21.63,Hard SL,3
2025-06-17,NIFTY,VWAP,PUT,NEUTRAL,0.148,10:45:00,10:50:00,24874.45,110.48,24901.3,0.0,1,50,50,0,0.0,0,0.0,110.09,-119.28,-160.92,-2.89,No-move,2
2025-06-18,NIFTY,ORB,PUT,NEUTRAL,-0.214,11:30:00,11:35:00,24771.55,77.8,24827.17,24525.58,1,50,50,0,0.0,0,0.0,64.66,-756.81,-797.76,-20.25,Hard SL,1
2025-06-19,NIFTY,VWAP,PUT,NEUTRAL,0.018,10:30:00,10:35:00,24799.8,206.06,24838.3,0.0,1,50,50,0,0.0,0,0.0,196.4,-583.24,-626.17,-6.05,No-move,7
2025-07-03,NIFTY,ORB,CALL,NEUTRAL,0.245,11:25:00,11:30:00,25542.3,212.23,25504.86,25698.0,1,50,50,0,0.0,0,0.0,187.19,-1351.88,-1394.68,-13.08,SL hit,7
2025-07-03,NIFTY,PDH_PDL,PUT,NEUTRAL,0.245,13:45:00,13:50:00,25511.75,211.98,25631.03,25518.86,1,50,50,0,0.0,0,0.0,212.56,-71.15,-114.32,-1.07,VWAP TP,7
2025-07-09,NIFTY,VWAP,PUT,NEUTRAL,-0.033,13:00:00,13:05:00,25491.35,80.06,25531.85,0.0,1,50,50,0,0.0,0,0.0,67.46,-729.76,-770.76,-19.02,Hard SL,1
2025-07-11,NIFTY,ORB,PUT,BEARISH,-0.366,10:55:00,11:00:00,25176.25,193.67,25267.53,25126.32,1,50,50,0,0.0,0,0.0,189.23,-321.83,-364.66,-3.75,No-move,6
2025-07-11,NIFTY,ORB,PUT,BEARISH,-0.366,11:10:00,11:15:00,25179.05,193.7,25267.53,25126.32,1,50,50,0,0.0,0,0.0,200.08,219.11,176.13,1.81,No-move,6
2025-07-18,NIFTY,ORB,PUT,NEUTRAL,-0.004,11:45:00,11:50:00,24947.5,191.91,25073.58,24890.98,1,50,50,0,0.0,0,0.0,193.42,-24.49,-67.38,-0.7,No-move,6
2025-07-24,NIFTY,ORB,PUT,NEUTRAL,0.135,11:20:00,11:25:00,25113.7,208.67,25199.1,25077.88,1,50,50,0,0.0,0,0.0,212.09,71.11,27.95,0.27,No-move,7
2025-07-30,NIFTY,VWAP,CALL,NEUTRAL,0.242,11:10:00,11:15:00,24847.3,78.03,24818.55,0.0,1,50,50,1,103.06823684608035,0,0.0,103.07,1151.91,1110.38,28.1,Partial 1 + close,1
2025-07-31,NIFTY,ORB,CALL,BEARISH,-0.814,11:00:00,11:05:00,24760.35,205.74,24700.76,24869.88,1,50,50,0,0.0,0,0.0,202.45,-264.28,-307.3,-2.97,No-move,7
2025-07-31,NIFTY,PDH_PDL,CALL,BEARISH,-0.814,12:10:00,12:15:00,24819.7,206.23,24758.92,24730.66,1,50,50,0,0.0,0,0.0,215.86,381.25,338.03,3.26,VWAP TP,7
2025-09-10,NIFTY,VWAP,PUT,BULLISH,0.451,11:15:00,11:20:00,24981.35,78.46,25014.35,0.0,1,50,50,0,0.0,0,0.0,77.93,-126.47,-167.62,-4.22,No-move,1
2025-09-30,NIFTY,ORB,PUT,NEUTRAL,0.058,10:35:00,10:40:00,24597.2,77.25,24671.22,24515.43,1,50,50,0,0.0,0,0.0,65.54,-685.45,-726.42,-18.57,Hard SL,1
2025-10-01,NIFTY,ORB,CALL,NEUTRAL,-0.053,11:40:00,11:45:00,24776.05,77.81,24662.97,24809.58,1,50,50,0,0.0,0,0.0,80.72,45.74,4.54,0.12,No-move,1
2025-10-06,NIFTY,ORB,CALL,NEUTRAL,0.087,11:10:00,11:15:00,25014.9,136.07,24927.53,25045.53,1,50,50,0,0.0,0,0.0,132.86,-260.38,-302.36,-4.41,No-move,3
2025-10-08,NIFTY,PDH_PDL,CALL,NEUTRAL,-0.132,13:30:00,13:35:00,25117.7,78.88,25061.84,25097.1,1,50,50,0,0.0,0,0.0,79.34,-77.03,-118.2,-2.96,VWAP TP,1
2025-10-09,NIFTY,ORB,CALL,NEUTRAL,0.202,11:05:00,11:10:00,25151.65,208.99,25095.97,25242.22,1,50,50,0,0.0,0,0.0,201.84,-457.31,-500.33,-4.77,No-move,7
2025-10-14,NIFTY,ORB,PUT,NEUTRAL,0.16,11:15:00,11:20:00,25141.4,111.66,25257.71,25122.35,1,50,50,0,0.0,0,0.0,112.66,-50.02,-91.7,-1.63,No-move,2
2025-10-24,NIFTY,PDH_PDL,CALL,NEUTRAL,0.25,12:20:00,12:25:00,25867.85,198.99,25838.28,25852.57,1,50,50,0,0.0,0,0.0,181.78,-960.72,-1003.43,-10.03,SL hit,6
2025-10-28,NIFTY,ORB,PUT,NEUTRAL,-0.131,11:55:00,12:00:00,25848.75,114.8,25963.26,25761.58,1,50,50,0,0.0,0,0.0,115.9,-45.21,-86.93,-1.5,No-move,2
2025-10-31,NIFTY,ORB,PUT,NEUTRAL,-0.106,10:30:00,10:35:00,25810.05,198.55,25861.59,25624.62,1,50,50,0,0.0,0,0.0,188.67,-594.15,-636.97,-6.38,No-move,6
2025-11-03,NIFTY,ORB,CALL,NEUTRAL,-0.139,10:35:00,10:40:00,25758.85,140.12,25711.12,25879.88,1,50,50,0,0.0,0,0.0,133.85,-413.53,-455.53,-6.46,No-move,3
2025-11-06,NIFTY,PDH_PDL,CALL,NEUTRAL,0.028,12:45:00,12:50:00,25598.7,212.7,25557.5,25581.81,1,50,50,0,0.0,0,0.0,213.5,-60.04,-103.23,-0.97,VWAP TP,7
2025-11-17,NIFTY,PDH_PDL,PUT,NEUTRAL,0.121,10:25:00,10:30:00,25939.95,141.1,25960.14,25955.61,1,50,50,0,0.0,0,0.0,136.44,-333.22,-375.25,-5.28,VWAP TP,3
2025-11-26,NIFTY,ORB,CALL,NEUTRAL,-0.067,10:45:00,10:50:00,26123.5,82.04,25970.94,26300.07,1,50,50,0,0.0,0,0.0,78.7,-267.2,-308.36,-7.43,No-move,1
2025-12-04,NIFTY,ORB,CALL,NEUTRAL,-0.013,11:35:00,11:40:00,26035.05,216.33,26002.65,26166.45,1,50,50,0,0.0,0,0.0,207.57,-538.04,-581.14,-5.35,No-move,7
2025-12-10,NIFTY,VWAP,PUT,NEUTRAL,0.086,10:45:00,10:50:00,25890.45,81.31,25923.35,0.0,1,50,50,1,108.42272096000073,0,0.0,108.42,1255.64,1214.02,29.5,Partial 1 + close,1
2025-12-18,NIFTY,PDH_PDL,CALL,NEUTRAL,-0.221,10:05:00,10:10:00,25775.25,198.28,25754.47,25771.11,1,50,50,0,0.0,0,0.0,205.79,275.34,232.27,2.33,VWAP TP,6
2025-12-18,NIFTY,ORB,CALL,NEUTRAL,-0.221,11:20:00,11:25:00,25852.6,198.88,25801.78,25953.98,1,50,50,0,0.0,0,0.0,200.37,-25.62,-68.62,-0.69,No-move,6
2026-01-08,NIFTY,ORB,PUT,NEUTRAL,-0.139,11:20:00,11:25:00,25970.1,215.79,26074.85,25924.82,1,50,50,0,0.0,0,0.0,206.52,-563.35,-606.44,-5.59,No-move,7
2026-01-09,NIFTY,ORB,PUT,NEUTRAL,-0.11,11:35:00,11:40:00,25761.45,198.18,25855.02,25634.97,1,50,50,0,0.0,0,0.0,204.88,234.79,191.73,1.93,No-move,6
2026-01-12,NIFTY,ORB,PUT,NEUTRAL,-0.135,11:30:00,11:35:00,25475.65,138.58,25580.62,25271.2,1,50,50,0,0.0,0,0.0,112.44,-1406.88,-1448.55,-20.76,Hard SL,3
2026-01-14,NIFTY,ORB,CALL,NEUTRAL,-0.255,11:25:00,11:30:00,25770.7,80.93,25716.82,25918.6,1,50,50,0,0.0,0,0.0,82.37,-27.86,-69.08,-1.69,No-move,1
2026-01-21,NIFTY,ORB,PUT,BEARISH,-0.334,10:40:00,10:45:00,25029.1,78.6,25174.43,24908.75,1,50,50,1,107.71205759999962,0,0.0,107.71,1355.6,1314.0,33.02,Partial 1 + close,1
2026-01-21,NIFTY,ORB,PUT,BEARISH,-0.334,10:50:00,10:55:00,24969.05,78.42,25174.43,24908.75,1,50,50,0,0.0,0,0.0,66.03,-719.43,-760.41,-19.15,Hard SL,1
2026-01-22,NIFTY,ORB,PUT,BULLISH,0.699,10:55:00,11:00:00,25221.95,209.57,25339.42,25117.58,1,50,50,0,0.0,0,0.0,210.06,-75.31,-118.44,-1.12,No-move,7
2026-01-22,NIFTY,ORB,PUT,BULLISH,0.699,11:20:00,11:25:00,25253.3,209.83,25339.42,25117.58,1,50,50,0,0.0,0,0.0,215.85,200.97,157.74,1.5,No-move,7
2026-01-27,NIFTY,PDH_PDL,CALL,NEUTRAL,-0.006,12:50:00,12:55:00,25094.0,111.45,24993.03,25076.31,1,50,50,0,0.0,0,0.0,108.33,-256.04,-297.65,-5.29,VWAP TP,2
2026-01-28,NIFTY,PDH_PDL,PUT,NEUTRAL,0.098,13:20:00,13:25:00,25239.25,79.26,25278.06,25293.7,1,50,50,0,0.0,0,0.0,78.77,-124.6,-165.77,-4.13,VWAP TP,1
2026-01-30,NIFTY,VWAP,PUT,BEARISH,-0.687,13:00:00,13:05:00,25276.6,194.45,25306.15,0.0,1,50,50,0,0.0,0,0.0,200.76,215.27,172.27,1.76,No-move,6
2026-02-01,NIFTY,ORB,CALL,NEUTRAL,0.071,11:05:00,11:10:00,25415.85,159.64,25315.47,25477.92,1,50,50,0,0.0,0,0.0,133.74,-1395.12,-1437.11,-17.89,Hard SL,4
2026-02-02,NIFTY,VWAP,CALL,NEUTRAL,0.115,11:30:00,11:35:00,24827.65,135.05,24722.05,0.0,1,50,50,0,0.0,0,0.0,153.37,815.85,773.57,11.37,Trail SL,3
2026-02-10,NIFTY,VWAP,PUT,NEUTRAL,0.229,13:15:00,13:20:00,25948.6,115.25,25982.25,0.0,1,50,50,0,0.0,0,0.0,118.97,85.82,44.05,0.76,No-move,2
2026-02-26,NIFTY,ORB,PUT,BULLISH,0.305,11:40:00,11:45:00,25460.35,211.55,25511.77,25368.22,1,50,50,0,0.0,0,0.0,213.06,-24.65,-67.83,-0.64,No-move,7
2026-03-05,NIFTY,VWAP,CALL,BULLISH,0.58,10:35:00,10:40:00,24627.85,204.64,24559.7,0.0,1,50,50,0,0.0,0,0.0,210.4,187.76,144.61,1.41,No-move,7
2026-03-06,NIFTY,VWAP,PUT,BEARISH,-0.328,10:30:00,10:35:00,24618.6,189.38,24652.7,0.0,1,50,50,0,0.0,0,0.0,197.51,306.5,263.55,2.77,No-move,6
2026-03-10,NIFTY,VWAP,PUT,BULLISH,1.146,12:10:00,12:15:00,24173.1,107.36,24215.9,0.0,1,50,50,0,0.0,0,0.0,110.98,81.24,39.59,0.73,No-move,2
2026-03-11,NIFTY,ORB,PUT,NEUTRAL,-0.224,10:35:00,10:40:00,24087.0,75.65,24210.62,23983.38,1,50,50,0,0.0,0,0.0,75.78,-93.64,-134.77,-3.52,No-move,1
2026-03-12,NIFTY,ORB,CALL,BEARISH,-0.727,10:55:00,11:00:00,23741.6,197.27,23650.49,23892.67,1,50,50,0,0.0,0,0.0,194.94,-216.66,-259.57,-2.62,No-move,7
2026-03-12,NIFTY,ORB,CALL,BEARISH,-0.727,11:15:00,11:20:00,23700.7,196.93,23650.49,23892.67,1,50,50,0,0.0,0,0.0,195.05,-193.98,-236.89,-2.39,No-move,7
2026-03-13,NIFTY,ORB,PUT,BEARISH,-0.748,10:50:00,10:55:00,23362.1,179.72,23438.4,23299.52,1,50,50,0,0.0,0,0.0,186.91,259.31,216.52,2.4,No-move,6
2026-03-16,NIFTY,ORB,PUT,NEUTRAL,-0.237,10:50:00,10:55:00,22987.35,125.04,23153.99,22818.02,1,50,50,0,0.0,0,0.0,101.54,-1275.01,-1316.52,-20.89,Hard SL,3
2026-03-19,NIFTY,VWAP,CALL,BEARISH,-2.383,12:45:00,12:50:00,23271.5,193.37,23233.8,0.0,1,50,50,0,0.0,0,0.0,154.7,-2033.67,-2075.97,-21.36,SL hit,7
2026-03-20,NIFTY,VWAP,PUT,NEUTRAL,0.097,11:50:00,11:55:00,23249.55,178.85,23288.75,0.0,1,50,50,0,0.0,0,0.0,183.97,155.92,113.18,1.26,No-move,6
2026-03-23,NIFTY,ORB,PUT,BEARISH,-1.341,11:05:00,11:10:00,22560.8,122.72,22699.69,22308.82,1,50,50,0,0.0,0,0.0,127.37,132.25,90.36,1.46,No-move,3
2026-03-24,NIFTY,ORB,PUT,BULLISH,1.715,10:30:00,10:35:00,22665.6,100.67,22782.24,22480.48,1,50,50,0,0.0,0,0.0,99.72,-147.53,-189.01,-3.72,Trail SL,2
2026-03-25,NIFTY,ORB,CALL,BULLISH,0.462,10:40:00,10:45:00,23366.25,73.38,23213.6,23600.32,1,50,50,0,0.0,0,0.0,72.9,-124.16,-165.24,-4.44,No-move,1
2026-03-25,NIFTY,ORB,CALL,BULLISH,0.462,11:05:00,11:10:00,23418.35,73.55,23213.6,23600.32,1,50,50,0,0.0,0,0.0,57.35,-910.12,-950.96,-25.51,Hard SL,1
2026-04-01,NIFTY,VWAP,CALL,BULLISH,2.323,12:00:00,12:05:00,22834.55,71.71,22774.1,0.0,1,50,50,0,0.0,0,0.0,70.31,-169.95,-210.99,-5.8,No-move,1
2026-04-08,NIFTY,ORB,CALL,BULLISH,3.135,10:40:00,10:45:00,23951.65,75.22,23905.74,24104.37,1,50,50,1,97.8684511555346,0,0.0,97.87,1032.42,990.97,26.0,Partial 1 + close,1
2026-04-08,NIFTY,ORB,CALL,BULLISH,3.135,11:50:00,11:55:00,23951.45,75.22,23905.74,24104.37,1,50,50,0,0.0,0,0.0,73.41,-190.66,-231.75,-6.08,No-move,1
2026-04-16,NIFTY,ORB,PUT,BULLISH,0.716,11:55:00,12:00:00,24196.3,201.05,24329.62,24146.2,1,50,50,0,0.0,0,0.0,204.72,83.46,40.41,0.4,No-move,7
2026-04-17,NIFTY,ORB,CALL,NEUTRAL,-0.093,11:50:00,11:55:00,24316.05,187.06,24193.74,24444.92,1,50,50,0,0.0,0,0.0,158.11,-1547.67,-1590.03,-16.91,Hard SL,6
